Workbook

Sheet Analysis
B1: Stocks | C1: mean | D1: sd | E1: sharpe | F1: conf interv | G1: var | H1: beta | I1: alpha
B2: appl | C2: =appl!N3 -> 0.00083929393 | D2: =appl!N8 -> 0.016516124 | E2: =appl!N9 -> 0.050816641 | F2: =appl!N11 -> 0.00083276792 | G2: =appl!N7 -> 0.00027278234 | H2: =appl!M32 -> 0.90008643 | I2: =appl!M31 -> 0.00044039568
B3: appl_2 | C3: =appl_2!P5 -> -0.00057062742 | D3: =appl_2!P9 -> 0.083356206 | E3: =appl_2!P20 -> -0.0068456501 | F3: =appl_2!P18 -> 0.052962007 | G3: =appl_2!P10 -> 0.0069482571
B4: bidu | C4: =bidu!M3 -> 0.00089719644 | D4: =bidu!M8 -> 0.024940452 | E4: =bidu!M9 -> 0.035973543 | F4: =bidu!M11 -> 0.0012575353 | G4: =bidu!M7 -> 0.00062202616 | H4: =bidu!L32 -> 1.3122063 | I4: =bidu!L31 -> 0.00031565585
B5: cop | C5: =cop!M3 -> 0.00040281925 | D5: =cop!M8 -> 0.016763281 | E5: =cop!M9 -> 0.024029856 | F5: =cop!M11 -> 0.00084522998 | G5: =cop!M7 -> 0.0002810076 | H5: =cop!L32 -> 1.1685959 | I5: =cop!L31 -> -0.00011507642
B6: dis | C6: =dis!M3 -> 0.0008977099 | D6: =dis!M8 -> 0.01373353 | E6: =dis!M9 -> 0.065366289 | F6: =dis!M11 -> 0.00069246535 | G6: =dis!M7 -> 0.00018860985 | H6: =dis!L32 -> 1.1295707 | I6: =dis!L31 -> 0.00039710933
B7: dji | C7: =dji!M3 -> 0.00044317772 | D7: =dji!M8 -> 0.0091104385 | E7: =dji!M9 -> 0.048645048 | F7: =dji!M11 -> 0.00045936208 | G7: =dji!M7 -> 8.300009e-05
B8: goog | C8: =goog!M3 -> 0.00087825152 | D8: =goog!M8 -> 0.015998245 | E8: =goog!M9 -> 0.05489674 | F8: =goog!M11 -> 0.00080665571 | G8: =goog!M7 -> 0.00025594385 | H8: =goog!L32 -> 0.97271782 | I8: =goog!L31 -> 0.00044716465
B9: msft | C9: =msft!M3 -> 0.00074693549 | D9: =msft!M8 -> 0.014817916 | E9: =msft!M9 -> 0.050407592 | F9: =msft!M11 -> 0.00074714174 | G9: =msft!M7 -> 0.00021957065 | H9: =msft!L32 -> 1.0434897 | I9: =msft!L31 -> 0.00028448409
B10: tesla | C10: =tesla!M3 -> 0.0020281441 | D10: =tesla!M8 -> 0.034218048 | E10: =tesla!M9 -> 0.05927118 | F10: =tesla!M11 -> 0.0017253257 | G10: =tesla!M7 -> 0.0011708748 | H10: =tesla!L32 -> 1.239124 | I10: =tesla!L31 -> 0.0014789919
B11: ttm | C11: =ttm!M3 -> 0.00081483095 | D11: =ttm!M8 -> 0.024832681 | E11: =ttm!M9 -> 0.032812846 | F11: =ttm!M11 -> 0.0012521013 | G11: =ttm!M7 -> 0.00061666206 | H11: =ttm!L32 -> 1.4927608 | I11: =ttm!L31 -> 0.00015327263
B12: wfc | C12: =wfc!M3 -> 0.00062554756 | D12: =wfc!M8 -> 0.015646004 | E12: =wfc!M9 -> 0.039981298 | F12: =wfc!M11 -> 0.00078889518 | G12: =wfc!M7 -> 0.00024479745 | H12: =wfc!L32 -> 1.3397083 | I12: =wfc!L31 -> 3.1818693e-05 | Q12: {=MMULT(C32:C41,C19:L28)} -> #VALUE!
B13: xom | C13: =xom!O5 -> 0.00051131218 | D13: =xom!O9 -> 0.011975959 | E13: =xom!O20 -> 0.042694883 | F13: =xom!O18 -> 0.00060433037 | G13: =xom!O10 -> 0.0001434236 | H13: =xom!L47 -> 1.0151406 | I13: =xom!L46 -> 6.1424473e-05
C18: Column 1 | D18: Column 2 | E18: Column 3 | F18: Column 4 | G18: Column 5 | H18: Column 6 | I18: Column 7 | J18: Column 8 | K18: Column 9 | L18: Column 10 | P18: {=MMULT(B33:K33,C19:L28)} -> 0.00010870548 | Q18: 0.00018475589 | R18: 0.00012260607 | S18: 0.00014306766 | T18: 0.00013719369 | U18: 0.00010749104 | V18: 0.0007423307 | W18: 0.00018606707 | X18: 0.00013182185 | Y18: 8.261204e-05
B19: Column 1 | C19: =VARP('10Stocks_'!$A$1518:$A$3028) -> 0.00027260181 | D19: =C20 -> 0.00014020363 | E19: =C21 -> 8.6396286e-05 | F19: =C22 -> 7.9833364e-05 | G19: =C23 -> 0.00010334608 | H19: =C24 -> 9.1197689e-05 | I19: =C25 -> 0.00012384515 | J19: =C26 -> 0.00012624627 | K19: =C27 -> 9.953054e-05 | L19: =C28 -> 6.7677521e-05 | N19: 0.00083929393
B20: Column 2 | C20: 0.00014020363 | D20: =VARP('10Stocks_'!$B$1518:$B$3028) -> 0.00062161449 | E20: =D21 -> 0.00013579362 | F20: =D22 -> 0.00013076058 | G20: =D23 -> 0.00017083205 | H20: =D24 -> 0.0001261591 | I20: =D25 -> 0.00021329347 | J20: =D26 -> 0.00022128157 | K20: =D27 -> 0.00015476754 | L20: =D28 -> 9.8042449e-05 | N20: 0.00089719644
B21: Column 3 | C21: 8.6396286e-05 | D21: 0.00013579362 | E21: =VARP('10Stocks_'!$C$1518:$C$3028) -> 0.00028082163 | F21: =E22 -> 0.00010160881 | G21: =E23 -> 8.6662554e-05 | H21: =E24 -> 9.5832082e-05 | I21: =E25 -> 0.00014026915 | J21: =E26 -> 0.0001565238 | K21: =E27 -> 0.00013173708 | L21: =E28 -> 0.00014321481 | N21: 0.00040281925 | P21: {=MMULT(_xlfn.ANCHORARRAY(P18),TRANSPOSE(B33:K33))} -> 0.00049566836
B22: Column 4 | C22: 7.9833364e-05 | D22: 0.00013076058 | E22: 0.00010160881 | F22: =VARP('10Stocks_'!$D$1518:$D$3028) -> 0.00018848503 | G22: =F23 -> 9.1763337e-05 | H22: =F24 -> 9.3516874e-05 | I22: =F25 -> 0.00013156761 | J22: =F26 -> 0.00013940383 | K22: =F27 -> 0.00013132847 | L22: =F28 -> 8.8054013e-05 | N22: 0.0008977099
B23: Column 5 | C23: 0.00010334608 | D23: 0.00017083205 | E23: 8.6662554e-05 | F23: 9.1763337e-05 | G23: =VARP('10Stocks_'!$E$1518:$E$3028) -> 0.00025577447 | H23: =G24 -> 0.00010777572 | I23: =G26 -> 0.00011886448 | J23: =G26 -> 0.00011886448 | K23: =G27 -> 0.00010798853 | L23: =G28 -> 7.4676417e-05 | N23: 0.00087825152
B24: Column 6 | C24: 9.1197689e-05 | D24: 0.0001261591 | E24: 9.5832082e-05 | F24: 9.3516874e-05 | G24: 0.00010777572 | H24: =VARP('10Stocks_'!$F$1518:$F$3028) -> 0.00021942533 | I24: =H25 -> 0.00011421713 | J24: =H26 -> 0.00013382218 | K24: =H27 -> 0.00011389576 | L24: =G28 -> 7.4676417e-05 | N24: 0.00074693549
B25: Column 7 | C25: 0.00012384515 | D25: 0.00021329347 | E25: 0.00014026915 | F25: 0.00013156761 | G25: 0.00013473204 | H25: 0.00011421713 | I25: =VARP('10Stocks_'!$G$1518:$G$3028) -> 0.0011700999 | J25: =I26 -> 0.00022268576 | K25: =I27 -> 0.0001369636 | L25: =H28 -> 8.1578374e-05 | N25: 0.0020281441
B26: Column 8 | C26: 0.00012624627 | D26: 0.00022128157 | E26: 0.0001565238 | F26: 0.00013940383 | G26: 0.00011886448 | H26: 0.00013382218 | I26: 0.00022268576 | J26: =VARP('10Stocks_'!$H$1518:$H$3028) -> 0.00061625395 | K26: =J27 -> 0.00017284956 | L26: =I28 -> 9.7438987e-05 | N26: 0.00081483095
B27: Column 9 | C27: 9.953054e-05 | D27: 0.00015476754 | E27: 0.00013173708 | F27: 0.00013132847 | G27: 0.00010798853 | H27: 0.00011389576 | I27: 0.0001369636 | J27: 0.00017284956 | K27: =VARP('10Stocks_'!$I$1518:$I$3028) -> 0.00024463544 | L27: =J28 -> 0.00011869148 | N27: 0.00062554756
B28: Column 10 | C28: 6.7677521e-05 | D28: 9.8042449e-05 | E28: 0.00014321481 | F28: 8.8054013e-05 | G28: 7.4676417e-05 | H28: 8.1578374e-05 | I28: 9.7438987e-05 | J28: 0.00011869148 | K28: 0.00011024513 | L28: =VARP('10Stocks_'!$J$1518:$J$3028) -> 0.00014332868 | N28: 0.00051131218
B32: appl | C32: bidu | D32: cop | E32: dis | F32: goog | G32: msft | H32: tesla | I32: ttm | J32: wfc | K32: xom
B33: 0 | C33: 0.00091083277 | D33: 0 | E33: 0.28745598 | F33: 0.1221091 | G33: 0 | H33: 0.58952409 | I33: 0 | J33: 0 | K33: 0
B37: =SUM(B33:K33) -> 1 | C37: `== | D37: 1
G39: var | H39: sd | I39: mean
B40: 0.0007 | D40: =AVERAGE(_xlfn.ANCHORARRAY('10Stocks_'!$K$1518)) -> 0.0015617516 | G40: 0.0001060443 | H40: =SQRT(G40) -> 0.010297781 | I40: 0.0007009991
B41: =B40+0.00003 -> 0.00073 | D41: =AVERAGE(_xlfn.ANCHORARRAY('10Stocks_'!$K$1518)) -> 0.0015617516 | G41: 0.0001064828 | H41: =SQRT(G41) -> 0.01031905 | I41: 0.00073
B42: =B41+0.00003 -> 0.00076 | D42: =AVERAGE(_xlfn.ANCHORARRAY('10Stocks_'!$K$1518)) -> 0.0015617516 | G42: 0.0001076324 | H42: =SQRT(G42) -> 0.010374604 | I42: 0.00076 | N42: =P21 -> 0.00049566836
B43: =B42+0.00003 -> 0.00079 | D43: =AVERAGE(_xlfn.ANCHORARRAY('10Stocks_'!$K$1518)) -> 0.0015617516 | G43: 0.00010948721 | H43: =SQRT(G43) -> 0.010463614 | I43: 0.00079
B44: =B43+0.00003 -> 0.00082 | D44: =AVERAGE(_xlfn.ANCHORARRAY('10Stocks_'!$K$1518)) -> 0.0015617516 | G44: 0.00011204722 | H44: =SQRT(G44) -> 0.010585236 | I44: 0.00082
B45: =B44+0.00003 -> 0.00085 | D45: =AVERAGE(_xlfn.ANCHORARRAY('10Stocks_'!$K$1518)) -> 0.0015617516 | G45: 0.00011531243 | H45: =SQRT(G45) -> 0.010738363 | I45: 0.00085
B46: =B45+0.00003 -> 0.00088 | D46: =AVERAGE(_xlfn.ANCHORARRAY('10Stocks_'!$K$1518)) -> 0.0015617516 | G46: 0.00011928285 | H46: =SQRT(G46) -> 0.010921669 | I46: 0.00088
B47: =B46+0.00003 -> 0.00091 | D47: =AVERAGE(_xlfn.ANCHORARRAY('10Stocks_'!$K$1518)) -> 0.0015617516 | G47: 0.00012395847 | H47: =SQRT(G47) -> 0.011133664 | I47: 0.00091
B48: =B47+0.00003 -> 0.00094 | D48: =AVERAGE(_xlfn.ANCHORARRAY('10Stocks_'!$K$1518)) -> 0.0015617516 | G48: 0.0001293393 | H48: =SQRT(G48) -> 0.011372744 | I48: 0.00094
B49: =B48+0.00003 -> 0.00097 | D49: =AVERAGE(_xlfn.ANCHORARRAY('10Stocks_'!$K$1518)) -> 0.0015617516 | G49: 0.00013542533 | H49: =SQRT(G49) -> 0.011637239 | I49: 0.00097
B50: =B49+0.00003 -> 0.001 | D50: =AVERAGE(_xlfn.ANCHORARRAY('10Stocks_'!$K$1518)) -> 0.0015617516 | G50: 0.00014221656 | H50: =SQRT(G50) -> 0.011925458 | I50: 0.001
B51: =B50+0.00003 -> 0.00103 | D51: =AVERAGE(_xlfn.ANCHORARRAY('10Stocks_'!$K$1518)) -> 0.0015617516 | G51: 0.000149713 | H51: =SQRT(G51) -> 0.012235726 | I51: 0.00103
B52: =B51+0.00003 -> 0.00106 | D52: =AVERAGE(_xlfn.ANCHORARRAY('10Stocks_'!$K$1518)) -> 0.0015617516 | G52: 0.00015805659 | H52: =SQRT(G52) -> 0.012572056 | I52: 0.00106
B53: =B52+0.00003 -> 0.00109 | D53: =AVERAGE(_xlfn.ANCHORARRAY('10Stocks_'!$K$1518)) -> 0.0015617516 | G53: 0.00016763825 | H53: =SQRT(G53) -> 0.012947519 | I53: 0.00109
B54: =B53+0.00003 -> 0.00112 | D54: =AVERAGE(_xlfn.ANCHORARRAY('10Stocks_'!$K$1518)) -> 0.0015617516 | G54: 0.00017848069 | H54: =SQRT(G54) -> 0.013359666 | I54: 0.00112
... B70: =B69+0.00003 -> 0.0016 | D70: =AVERAGE(_xlfn.ANCHORARRAY('10Stocks_'!$K$1518)) -> 0.0015617516 | G70: 0.00049566836 | H70: =SQRT(G70) -> 0.022263611 | I70: 0.0015617516
H71: 0.016516124 | I71: 0.00083929393
H72: 0.012578596 | I72: 0.0010586116

Sheet 10Stocks
B1: Percent weights of 10 stocks. | I1: Percent weights of 10 stocks. | P1: Percent weights of 10 stocks.
C3: appl | D3: 0.17078954 | F3: Template | J3: appl | K3: 0.17078954 | M3: Constrained (No Shorting) | Q3: appl | R3: 0.20654926 | T3: Allows Shorting
C4: bidu | D4: 0 | J4: bidu | K4: 0 | Q4: bidu | R4: -0.015011141
C5: cop | D5: 0 | F5: Mean | G5: =AVERAGE('10Stocks_'!AE3:AE1513) -> 0.0010586116 | J5: cop | K5: 0 | M5: Mean | N5: 0.0010586116 | Q5: cop | R5: -0.24573753 | T5: Mean | U5: 0.001147494
C6: dis | D6: 0.387927 | F6: Median | G6: =MEDIAN('10Stocks_'!AE3:AE1513) -> 0.0011942636 | J6: dis | K6: 0.38792699 | M6: Median | N6: 0.0011942636 | Q6: dis | R6: 0.49699044 | T6: Median | U6: 0.0011485948
C7: goog | D7: 0.17471424 | F7: Standard Deviation | G7: =_xlfn.STDEV.S('10Stocks_'!AE3:AE1513) -> 0.012578596 | J7: goog | K7: 0.17471424 | M7: Standard Deviation | N7: 0.012578596 | Q7: goog | R7: 0.20095102 | T7: Standard Deviation | U7: 0.013045907
C8: msft | D8: 0.099172603 | F8: Sample Variance | G8: =_xlfn.VAR.S('10Stocks_'!AE3:AE1513) -> 0.00015822109 | J8: msft | K8: 0.099172599 | M8: Sample Variance | N8: 0.00015822109 | Q8: msft | R8: 0.15232145 | T8: Sample Variance | U8: 0.00017019568
C9: tesla | D9: 0.16739662 | F9: Kurtosis | G9: =KURT('10Stocks_'!AE3:AE1513) -> 1.5145689 | J9: tesla | K9: 0.16739662 | M9: Kurtosis | N9: 1.5145689 | Q9: tesla | R9: 0.17946369 | T9: Kurtosis | U9: 1.4061
C10: ttm | D10: 0 | F10: Minimum | G10: =MIN('10Stocks_'!AE3:AE1513) -> -0.061107346 | J10: ttm | K10: 0 | M10: Minimum | N10: -0.061107346 | Q10: ttm | R10: -0.021101522 | T10: Minimum | U10: -0.064869685
C11: wfc | D11: 0 | F11: Maximum | G11: =MAX('10Stocks_'!AE3:AE1513) -> 0.052946804 | J11: wfc | K11: 0 | M11: Maximum | N11: 0.052946804 | Q11: wfc | R11: -0.1742514 | T11: Maximum | U11: 0.053082419
C12: xom | D12: 0 | F12: Count | G12: =COUNT('10Stocks_'!AE3:AE1513) -> 1511 | J12: xom | K12: 0 | M12: Count | N12: 1511 | Q12: xom | R12: 0.21982573 | T12: Count | U12: 1511
F13: Confidence Level(95.0%) | G13: =_xlfn.CONFIDENCE.NORM(0.05,G7,G12) -> 0.00063423184 | M13: Confidence Level(95.0%) | N13: 0.00063423184 | T13: Confidence Level(95.0%) | U13: 0.00065779433
B14: Constraints | F14: Sharpe Ratio | G14: =G5/G7 -> 0.084159754 | I14: Constraints | M14: Sharpe Ratio | N14: 0.084159754 | P14: Constraints | T14: Sharpe Ratio | U14: 0.087958161
B15: 1 | C15: `== | D15: =SUM(D3:D12) -> 1 | I15: 1 | J15: `== | K15: 0.99999999 | P15: 1 | Q15: `== | R15: 0.99999999
L17: Monthly
L18: Mean | M18: =N5*21*100 -> 2.2230843
L19: SD | M19: =N7*N19*100 -> 5.764237 | N19: =SQRT(21) -> 4.5825757
L20: Sharpe | M20: =M18/M19 -> 0.38566844

Sheet ApplStock
B1: Apple Stock Analysis
C3: Apple Statistics
C5: Mean | D5: 0.00083929393
C6: Standard Error | D6: 0.0004248894
C7: Median | D7: 0.00063533441
C8: Mode | D8: #N/A
C9: Standard Deviation | D9: 0.016516124
C10: Sample Variance | D10: 0.00027278234
C11: Kurtosis | D11: 4.4418
C12: Skewness | D12: -0.1978243
C13: Range | D13: 0.21229933
C14: Minimum | D14: -0.12355796
C15: Maximum | D15: 0.088741367
C16: Sum | D16: 1.2681731
C17: Count | D17: 1511
C18: Confidence Level(95.0%) | D18: 0.00083343596
C19: Sharpe Ratio | D19: =D5/D9 -> 0.050816641
E21: Monthly | H21: 21
E22: Mean | F22: =D5*H21*100 -> 1.7625173 | H22: =SQRT(H21) -> 4.5825757
E23: SD | F23: =D9*H22*100 -> 7.5686387
E24: Sharpe | F24: =F22/F23 -> 0.2328711

Sheet VB+VF
C2: Percent weight of VBTLX and VFIAX
J3: 5000000
C4: VBTLX | D4: 0.67845909
C5: VFIAX | D5: 0.32154092 | G5: mean | H5: =AVERAGE('VB+VF_'!H2:H49) -> 0.005136616
B6: 1 | C6: `== | D6: =SUM(D4:D5) -> 1 | G6: var | H6: =_xlfn.VAR.S('VB+VF_'!H2:H49) -> 0.00011715492
G7: sd | H7: =_xlfn.STDEV.S('VB+VF_'!H2:H49) -> 0.010823813
G8: sharpe | H8: =H5/H7 -> 0.47456624
B11: VBTLX | C11: 0.67845909 | D11: =C11*J3 -> 3392295.4
B12: VFIAX | C12: 0.32154092 | D12: =C12*J3 -> 1607704.6
A14: monthly returns | C14: VBTLX | D14: VFIAX | E14: VBTLX | F14: VFIAX | G14: Total | H14: Return | K14: mean | L14: =AVERAGE(H15:H21) -> 0.0094518089
C15: =D11*'VB+VF_'!F50 -> 48849.054 | D15: =D12*'VB+VF_'!G50 -> -79902.918 | E15: =$D$11+C15 -> 3441144.5 | F15: =$D$12+D15 -> 1527801.7 | G15: =E15+F15 -> 4968946.2 | H15: =(G15-J3)/J3 -> -0.0062107685 | K15: var | L15: =_xlfn.VAR.S(H15:H21) -> 0.00012291776
C16: =(G15*$C$11)*'VB+VF_'!F51 -> 22587.219 | D16: =(G15*$C$12)*'VB+VF_'!G51 -> -2236.8073 | E16: =E15+C16 -> 3463731.7 | F16: =F15+D16 -> 1525564.9 | G16: =E16+F16 -> 4989296.6 | H16: =(G16-G15)/G15 -> 0.0040955186 | K16: sd | L16: =_xlfn.STDEV.S(H15:H21) -> 0.011086828
C17: =(G16*$C$11)*'VB+VF_'!F52 -> 32157.819 | D17: =(G16*$C$12)*'VB+VF_'!G52 -> 108769.03 | E17: =E16+C17 -> 3495889.5 | F17: =F16+D17 -> 1634333.9 | G17: =E17+F17 -> 5130223.4 | H17: =(G17-G16)/G16 -> 0.028245836 | K17: count | L17: =COUNT(H15:H21) -> 7
C18: =(G17*$C$11)*'VB+VF_'!F53 -> 13574.522 | D18: =(G17*$C$12)*'VB+VF_'!G53 -> 6433.3493 | E18: =E17+C18 -> 3509464 | F18: =F17+D18 -> 1640767.2 | G18: =E18+F18 -> 5150231.3 | H18: =(G18-G17)/G17 -> 0.0039 | K18: ci | L18: =_xlfn.CONFIDENCE.NORM(0.05,L16,L17) -> 0.0082130863
C19: =(G18*$C$11)*'VB+VF_'!F54 -> 698.84424 | D19: =(G18*$C$12)*'VB+VF_'!G54 -> 29642.581 | E19: =E18+C19 -> 3510162.9 | F19: =F18+D19 -> 1670409.8 | G19: =E19+F19 -> 5180572.7 | H19: =(G19-G18)/G18 -> 0.0058912742 | K19: sharpe | L19: =L14/L16 -> 0.85252597
C20: =(G19*$C$11)*'VB+VF_'!F55 -> 68187.249 | D20: =(G19*$C$12)*'VB+VF_'!G55 -> 4330.9919 | E20: =E19+C20 -> 3578350.1 | F20: =F19+D20 -> 1674740.8 | G20: =E20+F20 -> 5253091 | H20: =(G20-G19)/G19 -> 0.013998113
C21: =(G20*$C$11)*'VB+VF_'!F56 -> 23166.047 | D21: =(G20*$C$12)*'VB+VF_'!G56 -> 62158.28 | E21: =E20+C21 -> 3601516.2 | F21: =F20+D21 -> 1736899.1 | G21: =E21+F21 -> 5338415.3 | H21: =(G21-G20)/G20 -> 0.01624269
C22: =(G21*$C$11)*'VB+VF_'!F57 -> 0 | D22: =(G21*$C$12)*'VB+VF_'!G57 -> 0 | E22: =E21+C22 -> 3601516.2 | F22: =F21+D22 -> 1736899.1 | G22: =E22+F22 -> 5338415.3
C23: =(G22*$C$11)*'VB+VF_'!F58 -> 0 | D23: =(G22*$C$12)*'VB+VF_'!G58 -> 0 | E23: =E22+C23 -> 3601516.2 | F23: =F22+D23 -> 1736899.1 | G23: =E23+F23 -> 5338415.3
C24: =(G23*$C$11)*'VB+VF_'!F59 -> 0 | D24: =(G23*$C$12)*'VB+VF_'!G59 -> 0 | E24: =E23+C24 -> 3601516.2 | F24: =F23+D24 -> 1736899.1 | G24: =E24+F24 -> 5338415.3
C25: =(G24*$C$11)*'VB+VF_'!F60 -> 0 | D25: =(G24*$C$12)*'VB+VF_'!G60 -> 0 | E25: =E24+C25 -> 3601516.2 | F25: =F24+D25 -> 1736899.1 | G25: =E25+F25 -> 5338415.3
B29: VBTLX | C29: 0.67845909 | D29: =C29*J3 -> 3392295.4
B30: VFIAX | C30: 0.32154092 | D30: =C30*J3 -> 1607704.6
A32: monthly returns | C32: VBTLX | D32: VFIAX | E32: VBTLX | F32: VFIAX | G32: Total | H32: Return | K32: mean | L32: =AVERAGE(H33:H39) -> 0.0093116259
C33: =D29*'VB+VF_'!F50 -> 48849.054 | D33: =D30*'VB+VF_'!G50 -> -79902.918 | E33: =D29+C33 -> 3441144.5 | F33: =D30+D33 -> 1527801.7 | G33: =E33+F33 -> 4968946.2 | H33: =(G33-$J$3)/$J$3 -> -0.0062107685 | K33: var | L33: =_xlfn.VAR.S(H33:H39) -> 0.00011690475
C34: =E33*'VB+VF_'!F51 -> 23055.668 | D34: =F33*'VB+VF_'!G51 -> -2138.9223 | E34: =E33+C34 -> 3464200.2 | F34: =F33+D34 -> 1525662.7 | G34: =E34+F34 -> 4989862.9 | H34: =(G34-G33)/G33 -> 0.0042094933 | K34: sd | L34: =_xlfn.STDEV.S(H33:H39) -> 0.01081225
C35: =E34*'VB+VF_'!F52 -> 32909.901 | D35: =F34*'VB+VF_'!G52 -> 103439.93 | E35: =E34+C35 -> 3497110.1 | F35: =F34+D35 -> 1629102.7 | G35: =E35+F35 -> 5126212.7 | H35: =(G35-G34)/G34 -> 0.027325367 | K35: count | L35: =COUNT(H33:H39) -> 7
C36: =E35*'VB+VF_'!F53 -> 13638.729 | D36: =F35*'VB+VF_'!G53 -> 6353.5005 | E36: =E35+C36 -> 3510748.8 | F36: =F35+D36 -> 1635456.2 | G36: =E36+F36 -> 5146205 | H36: =(G36-G35)/G35 -> 0.0039 | K36: ci | L36: =_xlfn.CONFIDENCE.NORM(0.05,L34,L35) -> 0.0080096798
C37: =E36*'VB+VF_'!F54 -> 702.14976 | D37: =F36*'VB+VF_'!G54 -> 29274.666 | E37: =E36+C37 -> 3511450.9 | F37: =F36+D37 -> 1664730.8 | G37: =E37+F37 -> 5176181.8 | H37: =(G37-G36)/G36 -> 0.0058250333 | K37: sharpe | L37: =L32/L34 -> 0.86121074
C38: =E37*'VB+VF_'!F55 -> 68122.148 | D38: =F37*'VB+VF_'!G55 -> 4328.3002 | E38: =E37+C38 -> 3579573.1 | F38: =F37+D38 -> 1669059.1 | G38: =E38+F38 -> 5248632.2 | H38: =(G38-G37)/G37 -> 0.01399689
C39: =E38*'VB+VF_'!F56 -> 23267.225 | D39: =F38*'VB+VF_'!G56 -> 61421.377 | E39: =E38+C39 -> 3602840.3 | F39: =F38+D39 -> 1730480.5 | G39: =E39+F39 -> 5333320.8 | H39: =(G39-G38)/G38 -> 0.016135366
C40: =E39*'VB+VF_'!F57 -> 0 | D40: =F39*'VB+VF_'!G57 -> 0 | E40: =E39+C40 -> 3602840.3 | F40: =F39+D40 -> 1730480.5 | G40: =E40+F40 -> 5333320.8 | H40: =(G40-G39)/G39 -> 0
C41: =E40*'VB+VF_'!F58 -> 0 | D41: =F40*'VB+VF_'!G58 -> 0 | E41: =E40+C41 -> 3602840.3 | F41: =F40+D41 -> 1730480.5 | G41: =E41+F41 -> 5333320.8 | H41: =(G41-G40)/G40 -> 0
C42: =E41*'VB+VF_'!F59 -> 0 | D42: =F41*'VB+VF_'!G59 -> 0 | E42: =E41+C42 -> 3602840.3 | F42: =F41+D42 -> 1730480.5 | G42: =E42+F42 -> 5333320.8 | H42: =(G42-G41)/G41 -> 0
C43: =E42*'VB+VF_'!F60 -> 0 | D43: =F42*'VB+VF_'!G60 -> 0 | E43: =E42+C43 -> 3602840.3 | F43: =F42+D43 -> 1730480.5 | G43: =E43+F43 -> 5333320.8 | H43: =(G43-G42)/G42 -> 0

Sheet VB+VF_
A1: Date | B1: VBTLX | C1: VFIAX | E1: Date | F1: VBTLX | G1: VFIAX | I1: 100000
A2: 40909 | B2: 0.88 | C2: 4.47 | E2: 40909 | F2: =B2/100 -> 0.0088 | G2: =C2/100 -> 0.0447 | H2: =(F2*'VB+VF'!$D$4)+('VB+VF_'!G2*'VB+VF'!$D$5) -> 0.020343319 | I2: =I1+(I1*H2) -> 102034.33
A3: 40940 | B3: -0.04 | C3: 4.32 | E3: 40940 | F3: =B3/100 -> -0.0004 | G3: =C3/100 -> 0.0432 | H3: =(F3*'VB+VF'!$D$4)+('VB+VF_'!G3*'VB+VF'!$D$5) -> 0.013619184 | I3: =I2+(I2*H3) -> 103423.96
A4: 40969 | B4: -0.57 | C4: 3.29 | E4: 40969 | F4: =B4/100 -> -0.0057 | G4: =C4/100 -> 0.0329 | H4: =(F4*'VB+VF'!$D$4)+('VB+VF_'!G4*'VB+VF'!$D$5) -> 0.0067114794 | I4: =I3+(I3*H4) -> 104118.08
A5: 41000 | B5: 1.15 | C5: -0.63 | E5: 41000 | F5: =B5/100 -> 0.0115 | G5: =C5/100 -> -0.0063 | H5: =(F5*'VB+VF'!$D$4)+('VB+VF_'!G5*'VB+VF'!$D$5) -> 0.0057765717 | I5: =I4+(I4*H5) -> 104719.53 | L5: VBTLX & VFIAX Portfolio
A6: 41030 | B6: 0.96 | C6: -6.01 | E6: 41030 | F6: =B6/100 -> 0.0096 | G6: =C6/100 -> -0.0601 | H6: =(F6*'VB+VF'!$D$4)+('VB+VF_'!G6*'VB+VF'!$D$5) -> -0.012811402 | I6: =I5+(I5*H6) -> 103377.93
A7: 41061 | B7: 0.04 | C7: 4.12 | E7: 41061 | F7: =B7/100 -> 0.0004 | G7: =C7/100 -> 0.0412 | H7: =(F7*'VB+VF'!$D$4)+('VB+VF_'!G7*'VB+VF'!$D$5) -> 0.013518869 | I7: =I6+(I6*H7) -> 104775.48 | L7: Mean | M7: 0.0056858223
A8: 41091 | B8: 1.39 | C8: 1.38 | E8: 41091 | F8: =B8/100 -> 0.0139 | G8: =C8/100 -> 0.0138 | H8: =(F8*'VB+VF'!$D$4)+('VB+VF_'!G8*'VB+VF'!$D$5) -> 0.013867846 | I8: =I7+(I7*H8) -> 106228.49 | L8: Standard Error | M8: 0.0014630746
A9: 41122 | B9: 0.04 | C9: 2.25 | E9: 41122 | F9: =B9/100 -> 0.0004 | G9: =C9/100 -> 0.0225 | H9: =(F9*'VB+VF'!$D$4)+('VB+VF_'!G9*'VB+VF'!$D$5) -> 0.0075060543 | I9: =I8+(I8*H9) -> 107025.85 | L9: Median | M9: 0.0067114794
A10: 41153 | B10: 0.12 | C10: 2.58 | E10: 41153 | F10: =B10/100 -> 0.0012 | G10: =C10/100 -> 0.0258 | H10: =(F10*'VB+VF'!$D$4)+('VB+VF_'!G10*'VB+VF'!$D$5) -> 0.0091099066 | I10: =I9+(I9*H10) -> 108000.84 | L10: Mode | M10: #N/A
A11: 41183 | B11: 0.12 | C11: -1.85 | E11: 41183 | F11: =B11/100 -> 0.0012 | G11: =C11/100 -> -0.0185 | H11: =(F11*'VB+VF'!$D$4)+('VB+VF_'!G11*'VB+VF'!$D$5) -> -0.0051343561 | I11: =I10+(I10*H11) -> 107446.33 | L11: Standard Deviation | M11: 0.010850452
A12: 41214 | B12: 0.2 | C12: 0.58 | E12: 41214 | F12: =B12/100 -> 0.002 | G12: =C12/100 -> 0.0058 | H12: =(F12*'VB+VF'!$D$4)+('VB+VF_'!G12*'VB+VF'!$D$5) -> 0.0032218555 | I12: =I11+(I11*H12) -> 107792.5 | L12: Sample Variance | M12: 0.0001177323
A13: 41244 | B13: -0.19 | C13: 0.91 | E13: 41244 | F13: =B13/100 -> -0.0019 | G13: =C13/100 -> 0.0091 | H13: =(F13*'VB+VF'!$D$4)+('VB+VF_'!G13*'VB+VF'!$D$5) -> 0.0016369501 | I13: =I12+(I12*H13) -> 107968.95 | L13: Kurtosis | M13: -0.13992785
A14: 41275 | B14: -0.7 | C14: 5.18 | E14: 41275 | F14: =B14/100 -> -0.007 | G14: =C14/100 -> 0.0518 | H14: =(F14*'VB+VF'!$D$4)+('VB+VF_'!G14*'VB+VF'!$D$5) -> 0.011906606 | I14: =I13+(I13*H14) -> 109254.5 | L14: Skewness | M14: -0.32027855
A15: 41306 | B15: 0.55 | C15: 1.35 | E15: 41306 | F15: =B15/100 -> 0.0055 | G15: =C15/100 -> 0.0135 | H15: =(F15*'VB+VF'!$D$4)+('VB+VF_'!G15*'VB+VF'!$D$5) -> 0.0080723274 | I15: =I14+(I14*H15) -> 110136.44 | L15: Range | M15: 0.050041514
A16: 41334 | B16: 0.09 | C16: 3.75 | E16: 41334 | F16: =B16/100 -> 0.0009 | G16: =C16/100 -> 0.0375 | H16: =(F16*'VB+VF'!$D$4)+('VB+VF_'!G16*'VB+VF'!$D$5) -> 0.012668398 | I16: =I15+(I15*H16) -> 111531.69 | L16: Minimum | M16: -0.021795678
A17: 41365 | B17: 0.92 | C17: 1.92 | E17: 41365 | F17: =B17/100 -> 0.0092 | G17: =C17/100 -> 0.0192 | H17: =(F17*'VB+VF'!$D$4)+('VB+VF_'!G17*'VB+VF'!$D$5) -> 0.012415409 | I17: =I16+(I16*H17) -> 112916.4 | L17: Maximum | M17: 0.028245836
A18: 41395 | B18: -1.7 | C18: 2.33 | E18: 41395 | F18: =B18/100 -> -0.017 | G18: =C18/100 -> 0.0233 | H18: =(F18*'VB+VF'!$D$4)+('VB+VF_'!G18*'VB+VF'!$D$5) -> -0.0040419011 | I18: =I17+(I17*H18) -> 112460 | L18: Sum | M18: 0.31272022
A19: 41426 | B19: -1.64 | C19: -1.35 | E19: 41426 | F19: =B19/100 -> -0.0164 | G19: =C19/100 -> -0.0135 | H19: =(F19*'VB+VF'!$D$4)+('VB+VF_'!G19*'VB+VF'!$D$5) -> -0.015467531 | I19: =I18+(I18*H19) -> 110720.52 | L19: Count | M19: 55
A20: 41456 | B20: 0.21 | C20: 5.09 | E20: 41456 | F20: =B20/100 -> 0.0021 | G20: =C20/100 -> 0.0509 | H20: =(F20*'VB+VF'!$D$4)+('VB+VF_'!G20*'VB+VF'!$D$5) -> 0.017791197 | I20: =I19+(I19*H20) -> 112690.37 | L20: Confidence Level(95.0%) | M20: 0.002933288
A21: 41487 | B21: -0.63 | C21: -2.9 | E21: 41487 | F21: =B21/100 -> -0.0063 | G21: =C21/100 -> -0.029 | H21: =(F21*'VB+VF'!$D$4)+('VB+VF_'!G21*'VB+VF'!$D$5) -> -0.013598979 | I21: =I20+(I20*H21) -> 111157.9 | L21: Sharpe Ratio | M21: =M7/M11 -> 0.5240171
A22: 41518 | B22: 0.97 | C22: 3.13 | E22: 41518 | F22: =B22/100 -> 0.0097 | G22: =C22/100 -> 0.0313 | H22: =(F22*'VB+VF'!$D$4)+('VB+VF_'!G22*'VB+VF'!$D$5) -> 0.016645284 | I22: =I21+(I21*H22) -> 113008.15
A23: 41548 | B23: 0.79 | C23: 4.59 | E23: 41548 | F23: =B23/100 -> 0.0079 | G23: =C23/100 -> 0.0459 | H23: =(F23*'VB+VF'!$D$4)+('VB+VF_'!G23*'VB+VF'!$D$5) -> 0.020118555 | I23: =I22+(I22*H23) -> 115281.72
A24: 41579 | B24: -0.34 | C24: 3.04 | E24: 41579 | F24: =B24/100 -> -0.0034 | G24: =C24/100 -> 0.0304 | H24: =(F24*'VB+VF'!$D$4)+('VB+VF_'!G24*'VB+VF'!$D$5) -> 0.007468083 | I24: =I23+(I23*H24) -> 116142.65
A25: 41609 | B25: -0.64 | C25: 2.53 | E25: 41609 | F25: =B25/100 -> -0.0064 | G25: =C25/100 -> 0.0253 | H25: =(F25*'VB+VF'!$D$4)+('VB+VF_'!G25*'VB+VF'!$D$5) -> 0.0037928471 | I25: =I24+(I24*H25) -> 116583.16
A26: 41640 | B26: 1.55 | C26: -3.46 | E26: 41640 | F26: =B26/100 -> 0.0155 | G26: =C26/100 -> -0.0346 | H26: =(F26*'VB+VF'!$D$4)+('VB+VF_'!G26*'VB+VF'!$D$5) -> -0.00060919991 | I26: =I25+(I25*H26) -> 116512.14
A27: 41671 | B27: 0.49 | C27: 4.57 | E27: 41671 | F27: =B27/100 -> 0.0049 | G27: =C27/100 -> 0.0457 | H27: =(F27*'VB+VF'!$D$4)+('VB+VF_'!G27*'VB+VF'!$D$5) -> 0.018018869 | I27: =I26+(I26*H27) -> 118611.55
A28: 41699 | B28: -0.14 | C28: 0.84 | E28: 41699 | F28: =B28/100 -> -0.0014 | G28: =C28/100 -> 0.0084 | H28: =(F28*'VB+VF'!$D$4)+('VB+VF_'!G28*'VB+VF'!$D$5) -> 0.001751101 | I28: =I27+(I27*H28) -> 118819.26
A29: 41730 | B29: 0.78 | C29: 0.74 | E29: 41730 | F29: =B29/100 -> 0.0078 | G29: =C29/100 -> 0.0074 | H29: =(F29*'VB+VF'!$D$4)+('VB+VF_'!G29*'VB+VF'!$D$5) -> 0.0076713837 | I29: =I28+(I28*H29) -> 119730.76
A30: 41760 | B30: 1.06 | C30: 2.34 | E30: 41760 | F30: =B30/100 -> 0.0106 | G30: =C30/100 -> 0.0234 | H30: =(F30*'VB+VF'!$D$4)+('VB+VF_'!G30*'VB+VF'!$D$5) -> 0.014715724 | I30: =I29+(I29*H30) -> 121492.69
A31: 41791 | B31: 0.12 | C31: 2.06 | E31: 41791 | F31: =B31/100 -> 0.0012 | G31: =C31/100 -> 0.0206 | H31: =(F31*'VB+VF'!$D$4)+('VB+VF_'!G31*'VB+VF'!$D$5) -> 0.0074378938 | I31: =I30+(I30*H31) -> 122396.34
A32: 41821 | B32: -0.25 | C32: -1.38 | E32: 41821 | F32: =B32/100 -> -0.0025 | G32: =C32/100 -> -0.0138 | H32: =(F32*'VB+VF'!$D$4)+('VB+VF_'!G32*'VB+VF'!$D$5) -> -0.0061334124 | I32: =I31+(I31*H32) -> 121645.63
A33: 41852 | B33: 1.14 | C33: 4 | E33: 41852 | F33: =B33/100 -> 0.0114 | G33: =C33/100 -> 0.04 | H33: =(F33*'VB+VF'!$D$4)+('VB+VF_'!G33*'VB+VF'!$D$5) -> 0.02059607 | I33: =I32+(I32*H33) -> 124151.05
... A56: 42552 | B56: 0.65 | C56: 3.68 | E56: 42552 | F56: =B56/100 -> 0.0065 | G56: =C56/100 -> 0.0368 | H56: =(F56*'VB+VF'!$D$4)+('VB+VF_'!G56*'VB+VF'!$D$5) -> 0.01624269 | I56: =I55+(I55*H56) -> 136163.22

Sheet 10Stocks_
A1: Adj Close | B1: Close Return | C1: Adj Close Return | D1: Adj Close | E1: Close Return | F1: Adj Close Return | G1: Adj Close | H1: Close Return | I1: Adj Close Return | J1: Adj Close | K1: Close Return | L1: Adj Close Return | M1: Adj Close | N1: Close Return | O1: Adj Close Return | P1: Adj Close | Q1: Close Return | R1: Adj Close Return | S1: Adj Close | T1: Close Return | U1: Adj Close Return | V1: Adj Close | W1: Close Return | X1: Adj Close Return | Y1: Adj Close | Z1: Close Return | AA1: Adj Close Return | AB1: Adj Close | AC1: Close Return | AD1: Adj Close Return | AE1: Portfolio Return 10 stocks
A2: 33.075655 | D2: 68.080002 | G2: 29.174816 | J2: 28.872496 | M2: 222.25313 | P2: 19.541996 | S2: 23.83 | V2: 16.11441 | Y2: 22.132058 | AB2: 48.248732 | AF2: 100000
A3: 32.674586 | B3: =(#REF!-#REF!)/#REF! -> #REF! | C3: =(A3-A2)/A2 -> -0.012125807 | D3: 68.550003 | E3: =(B3-B2)/B2 -> #REF! | F3: =(D3-D2)/D2 -> 0.0069036573 | G3: 29.044067 | H3: =(E3-E2)/E2 -> #REF! | I3: =(G3-G2)/G2 -> -0.0044815707 | J3: 28.86333 | K3: =(H3-H2)/H2 -> #REF! | L3: =(J3-J2)/J2 -> -0.00031746476 | M3: 219.52586 | N3: =(K3-K2)/K2 -> #REF! | O3: =(M3-M2)/M2 -> -0.012271026 | P3: 19.669388 | Q3: =(N3-N2)/N2 -> #REF! | R3: =(P3-P2)/P2 -> 0.0065188837 | S3: 21.959999 | T3: =(Q3-Q2)/Q2 -> #REF! | U3: =(S3-S2)/S2 -> -0.078472556 | V3: 16.292521 | W3: =(T3-T2)/T2 -> #REF! | X3: =(V3-V2)/V2 -> 0.011052902 | Y3: 21.768953 | Z3: =(W3-W2)/W2 -> #REF! | AA3: =(Y3-Y2)/Y2 -> -0.016406292 | AB3: 47.859834 | AC3: =(Z3-Z2)/Z2 -> #REF! | AD3: =(AB3-AB2)/AB2 -> -0.008060274 | AE3: =(C3*'10Stocks'!$D$3)+(F3*'10Stocks'!$D$4)+('10Stocks_'!I3*'10Stocks'!$D$5)+('10Stocks_'!L3*'10Stocks'!$D$6)+('10Stocks_'!O3*'10Stocks'!$D$7)+('10Stocks_'!R3*'10Stocks'!$D$8)+('10Stocks_'!U3*'10Stocks'!$D$9)+('10Stocks_'!X3*'10Stocks'!$D$10)+('10Stocks_'!AA3*'10Stocks'!$D$11)+('10Stocks_'!AD3*'10Stocks'!$D$12) -> -0.016827583 | AF3: =AF2+(AF2*AE3) -> 98317.242
A4: 32.472078 | B4: =(#REF!-#REF!)/#REF! -> #REF! | C4: =(A4-A3)/A3 -> -0.006197722 | D4: 67.550003 | E4: =(B4-B3)/B3 -> #REF! | F4: =(D4-D3)/D3 -> -0.014587891 | G4: 29.014348 | H4: =(E4-E3)/E3 -> #REF! | I4: =(G4-G3)/G3 -> -0.0010232382 | J4: 28.762505 | K4: =(H4-H3)/H3 -> #REF! | L4: =(J4-J3)/J3 -> -0.0034931867 | M4: 218.05731 | N4: =(K4-K3)/K3 -> #REF! | O4: =(M4-M3)/M3 -> -0.0066896311 | P4: 19.76281 | Q4: =(N4-N3)/N3 -> #REF! | R4: =(P4-P3)/P3 -> 0.004749614 | S4: 19.200001 | T4: =(Q4-Q3)/Q3 -> #REF! | U4: =(S4-S3)/S3 -> -0.12568297 | V4: 16.086287 | W4: =(T4-T3)/T3 -> #REF! | X4: =(V4-V3)/V3 -> -0.012658201 | Y4: 21.509592 | Z4: =(W4-W3)/W3 -> #REF! | AA4: =(Y4-Y3)/Y3 -> -0.011914262 | AB4: 47.826016 | AC4: =(Z4-Z3)/Z3 -> #REF! | AD4: =(AB4-AB3)/AB3 -> -0.00070660504 | AE4: =(C4*'10Stocks'!$D$3)+(F4*'10Stocks'!$D$4)+('10Stocks_'!I4*'10Stocks'!$D$5)+('10Stocks_'!L4*'10Stocks'!$D$6)+('10Stocks_'!O4*'10Stocks'!$D$7)+('10Stocks_'!R4*'10Stocks'!$D$8)+('10Stocks_'!U4*'10Stocks'!$D$9)+('10Stocks_'!X4*'10Stocks'!$D$10)+('10Stocks_'!AA4*'10Stocks'!$D$11)+('10Stocks_'!AD4*'10Stocks'!$D$12) -> -0.024150255 | AF4: =AF3+(AF3*AE4) -> 95942.855
A5: 32.694309 | B5: =(#REF!-#REF!)/#REF! -> #REF! | C5: =(A5-A4)/A4 -> 0.0068437567 | D5: 67.449997 | E5: =(B5-B4)/B4 -> #REF! | F5: =(D5-D4)/D4 -> -0.0014804737 | G5: 29.240187 | H5: =(E5-E4)/E4 -> #REF! | I5: =(G5-G4)/G4 -> 0.0077837007 | J5: 29.074145 | K5: =(H5-H4)/H4 -> #REF! | L5: =(J5-J4)/J4 -> 0.010834939 | M5: 217.81756 | N5: =(K5-K4)/K4 -> #REF! | O5: =(M5-M4)/M4 -> -0.0010994678 | P5: 20.229915 | Q5: =(N5-N4)/N4 -> #REF! | R5: =(P5-P4)/P4 -> 0.023635556 | S5: 16.110001 | T5: =(Q5-Q4)/Q4 -> #REF! | U5: =(S5-S4)/S4 -> -0.16093749 | V5: 16.189405 | W5: =(T5-T4)/T4 -> #REF! | X5: =(V5-V4)/V4 -> 0.0064103046 | Y5: 21.743017 | Z5: =(W5-W4)/W4 -> #REF! | AA5: =(Y5-Y4)/Y4 -> 0.010852135 | AB5: 48.578449 | AC5: =(Z5-Z4)/Z4 -> #REF! | AD5: =(AB5-AB4)/AB4 -> 0.015732713 | AE5: =(C5*'10Stocks'!$D$3)+(F5*'10Stocks'!$D$4)+('10Stocks_'!I5*'10Stocks'!$D$5)+('10Stocks_'!L5*'10Stocks'!$D$6)+('10Stocks_'!O5*'10Stocks'!$D$7)+('10Stocks_'!R5*'10Stocks'!$D$8)+('10Stocks_'!U5*'10Stocks'!$D$9)+('10Stocks_'!X5*'10Stocks'!$D$10)+('10Stocks_'!AA5*'10Stocks'!$D$11)+('10Stocks_'!AD5*'10Stocks'!$D$12) -> -0.019416477 | AF5: =AF4+(AF4*AE5) -> 94079.983
A6: 34.01455 | B6: =(#REF!-#REF!)/#REF! -> #REF! | C6: =(A6-A5)/A5 -> 0.04038137 | D6: 72.370003 | E6: =(B6-B5)/B5 -> #REF! | F6: =(D6-D5)/D5 -> 0.072943013 | G6: 30.405046 | H6: =(E6-E5)/E5 -> #REF! | I6: =(G6-G5)/G5 -> 0.039837604 | J6: 30.375698 | K6: =(H6-H5)/H5 -> #REF! | L6: =(J6-J5)/J5 -> 0.044766682 | M6: 224.8755 | N6: =(K6-K5)/K5 -> #REF! | O6: =(M6-M5)/M5 -> 0.032402993 | P6: 20.63757 | Q6: =(N6-N5)/N5 -> #REF! | R6: =(P6-P5)/P5 -> 0.020151098 | S6: 15.8 | T6: =(Q6-Q5)/Q5 -> #REF! | U6: =(S6-S5)/S5 -> -0.019242767 | V6: 16.217526 | W6: =(T6-T5)/T5 -> #REF! | X6: =(V6-V5)/V5 -> 0.0017370002 | Y6: 23.048463 | Z6: =(W6-W5)/W5 -> #REF! | AA6: =(Y6-Y5)/Y5 -> 0.060039782 | AB6: 49.398518 | AC6: =(Z6-Z5)/Z5 -> #REF! | AD6: =(AB6-AB5)/AB5 -> 0.016881334 | AE6: =(C6*'10Stocks'!$D$3)+(F6*'10Stocks'!$D$4)+('10Stocks_'!I6*'10Stocks'!$D$5)+('10Stocks_'!L6*'10Stocks'!$D$6)+('10Stocks_'!O6*'10Stocks'!$D$7)+('10Stocks_'!R6*'10Stocks'!$D$8)+('10Stocks_'!U6*'10Stocks'!$D$9)+('10Stocks_'!X6*'10Stocks'!$D$10)+('10Stocks_'!AA6*'10Stocks'!$D$11)+('10Stocks_'!AD6*'10Stocks'!$D$12) -> 0.028701447 | AF6: =AF5+(AF5*AE6) -> 96780.215
A7: 33.938279 | B7: =(#REF!-#REF!)/#REF! -> #REF! | C7: =(A7-A6)/A6 -> -0.0022423051 | D7: 72.43 | E7: =(B7-B6)/B6 -> #REF! | F7: =(D7-D6)/D6 -> 0.00082903133 | G7: 30.636827 | H7: =(E7-E6)/E6 -> #REF! | I7: =(G7-G6)/G6 -> 0.0076231097 | J7: 30.559017 | K7: =(H7-H6)/H6 -> #REF! | L7: =(J7-J6)/J6 -> 0.0060350547 | M7: 228.05235 | N7: =(K7-K6)/K6 -> #REF! | O7: =(M7-M6)/M6 -> 0.01412711 | P7: 20.730992 | Q7: =(N7-N6)/N6 -> #REF! | R7: =(P7-P6)/P6 -> 0.0045267926 | S7: 17.459999 | T7: =(Q7-Q6)/Q6 -> #REF! | U7: =(S7-S6)/S6 -> 0.10506323 | V7: 16.461258 | W7: =(T7-T6)/T6 -> #REF! | X7: =(V7-V6)/V6 -> 0.015028926 | Y7: 23.031171 | Z7: =(W7-W6)/W6 -> #REF! | AA7: =(Y7-Y6)/Y6 -> -0.00075024525 | AB7: 49.719782 | AC7: =(Z7-Z6)/Z6 -> #REF! | AD7: =(AB7-AB6)/AB6 -> 0.0065035149 | AE7: =(C7*'10Stocks'!$D$3)+(F7*'10Stocks'!$D$4)+('10Stocks_'!I7*'10Stocks'!$D$5)+('10Stocks_'!L7*'10Stocks'!$D$6)+('10Stocks_'!O7*'10Stocks'!$D$7)+('10Stocks_'!R7*'10Stocks'!$D$8)+('10Stocks_'!U7*'10Stocks'!$D$9)+('10Stocks_'!X7*'10Stocks'!$D$10)+('10Stocks_'!AA7*'10Stocks'!$D$11)+('10Stocks_'!AD7*'10Stocks'!$D$12) -> 0.022462569 | AF7: =AF6+(AF6*AE7) -> 98954.147
A8: 34.139471 | B8: =(#REF!-#REF!)/#REF! -> #REF! | C8: =(A8-A7)/A7 -> 0.0059281733 | D8: 71.199997 | E8: =(B8-B7)/B7 -> #REF! | F8: =(D8-D7)/D7 -> -0.016981955 | G8: 31.082563 | H8: =(E8-E7)/E7 -> #REF! | I8: =(G8-G7)/G7 -> 0.014549026 | J8: 30.934817 | K8: =(H8-H7)/H7 -> #REF! | L8: =(J8-J7)/J7 -> 0.012297516 | M8: 233.51188 | N8: =(K8-K7)/K7 -> #REF! | O8: =(M8-M7)/M7 -> 0.023939842 | P8: 20.612093 | Q8: =(N8-N7)/N7 -> #REF! | R8: =(P8-P7)/P7 -> -0.0057353261 | S8: 17.4 | T8: =(Q8-Q7)/Q7 -> #REF! | U8: =(S8-S7)/S7 -> -0.003436369 | V8: 16.545627 | W8: =(T8-T7)/T7 -> #REF! | X8: =(V8-V7)/V7 -> 0.0051253069 | Y8: 23.342404 | Z8: =(W8-W7)/W7 -> #REF! | AA8: =(Y8-Y7)/Y7 -> 0.013513555 | AB8: 49.694417 | AC8: =(Z8-Z7)/Z7 -> #REF! | AD8: =(AB8-AB7)/AB7 -> -0.00051015912 | AE8: =(C8*'10Stocks'!$D$3)+(F8*'10Stocks'!$D$4)+('10Stocks_'!I8*'10Stocks'!$D$5)+('10Stocks_'!L8*'10Stocks'!$D$6)+('10Stocks_'!O8*'10Stocks'!$D$7)+('10Stocks_'!R8*'10Stocks'!$D$8)+('10Stocks_'!U8*'10Stocks'!$D$9)+('10Stocks_'!X8*'10Stocks'!$D$10)+('10Stocks_'!AA8*'10Stocks'!$D$11)+('10Stocks_'!AD8*'10Stocks'!$D$12) -> 0.0088216158 | AF8: =AF7+(AF7*AE8) -> 99827.082
A9: 33.833082 | B9: =(#REF!-#REF!)/#REF! -> #REF! | C9: =(A9-A8)/A8 -> -0.0089746265 | D9: 70.730003 | E9: =(B9-B8)/B8 -> #REF! | F9: =(D9-D8)/D8 -> -0.0066010396 | G9: 30.963696 | H9: =(E9-E8)/E8 -> #REF! | I9: =(G9-G8)/G8 -> -0.0038242342 | J9: 30.953149 | K9: =(H9-H8)/H8 -> #REF! | L9: =(J9-J8)/J8 -> 0.00059260089 | M9: 237.67773 | N9: =(K9-K8)/K8 -> #REF! | O9: =(M9-M8)/M8 -> 0.017839983 | P9: 21.08769 | Q9: =(N9-N8)/N8 -> #REF! | R9: =(P9-P8)/P8 -> 0.023073688 | S9: 17.049999 | T9: =(Q9-Q8)/Q8 -> #REF! | U9: =(S9-S8)/S8 -> -0.020115 | V9: 16.695615 | W9: =(T9-T8)/T8 -> #REF! | X9: =(V9-V8)/V8 -> 0.0090651143 | Y9: 23.394276 | Z9: =(W9-W8)/W8 -> #REF! | AA9: =(Y9-Y8)/Y8 -> 0.0022222218 | AB9: 49.829686 | AC9: =(Z9-Z8)/Z8 -> #REF! | AD9: =(AB9-AB8)/AB8 -> 0.002722016 | AE9: =(C9*'10Stocks'!$D$3)+(F9*'10Stocks'!$D$4)+('10Stocks_'!I9*'10Stocks'!$D$5)+('10Stocks_'!L9*'10Stocks'!$D$6)+('10Stocks_'!O9*'10Stocks'!$D$7)+('10Stocks_'!R9*'10Stocks'!$D$8)+('10Stocks_'!U9*'10Stocks'!$D$9)+('10Stocks_'!X9*'10Stocks'!$D$10)+('10Stocks_'!AA9*'10Stocks'!$D$11)+('10Stocks_'!AD9*'10Stocks'!$D$12) -> 0.00073510727 | AF9: =AF8+(AF8*AE9) -> 99900.466
A10: 33.111158 | B10: =(#REF!-#REF!)/#REF! -> #REF! | C10: =(A10-A9)/A9 -> -0.021337814 | D10: 74.379997 | E10: =(B10-B9)/B9 -> #REF! | F10: =(D10-D9)/D9 -> 0.051604607 | G10: 31.629332 | H10: =(E10-E9)/E9 -> #REF! | I10: =(G10-G9)/G9 -> 0.021497304 | J10: 31.576429 | K10: =(H10-H9)/H9 -> #REF! | L10: =(J10-J9)/J9 -> 0.020136239 | M10: 244.35606 | N10: =(K10-K9)/K9 -> #REF! | O10: =(M10-M9)/M9 -> 0.028098257 | P10: 21.342475 | Q10: =(N10-N9)/N9 -> #REF! | R10: =(P10-P9)/P9 -> 0.012082167 | S10: 18.139999 | T10: =(Q10-Q9)/Q9 -> #REF! | U10: =(S10-S9)/S9 -> 0.063929623 | V10: 17.361191 | W10: =(T10-T9)/T9 -> #REF! | X10: =(V10-V9)/V9 -> 0.039865318 | Y10: 24.155066 | Z10: =(W10-W9)/W9 -> #REF! | AA10: =(Y10-Y9)/Y9 -> 0.032520348 | AB10: 50.235493 | AC10: =(Z10-Z9)/Z9 -> #REF! | AD10: =(AB10-AB9)/AB9 -> 0.0081438803 | AE10: =(C10*'10Stocks'!$D$3)+(F10*'10Stocks'!$D$4)+('10Stocks_'!I10*'10Stocks'!$D$5)+('10Stocks_'!L10*'10Stocks'!$D$6)+('10Stocks_'!O10*'10Stocks'!$D$7)+('10Stocks_'!R10*'10Stocks'!$D$8)+('10Stocks_'!U10*'10Stocks'!$D$9)+('10Stocks_'!X10*'10Stocks'!$D$10)+('10Stocks_'!AA10*'10Stocks'!$D$11)+('10Stocks_'!AD10*'10Stocks'!$D$12) -> 0.020976103 | AF10: =AF9+(AF9*AE10) -> 101995.99
A11: 33.233452 | B11: =(#REF!-#REF!)/#REF! -> #REF! | C11: =(A11-A10)/A10 -> 0.0036934377 | D11: 75.029999 | E11: =(B11-B10)/B10 -> #REF! | F11: =(D11-D10)/D10 -> 0.0087389356 | G11: 31.379713 | H11: =(E11-E10)/E10 -> #REF! | I11: =(G11-G10)/G10 -> -0.0078920099 | J11: 31.383946 | K11: =(H11-H10)/H10 -> #REF! | L11: =(J11-J10)/J10 -> -0.0060957811 | M11: 245.425 | N11: =(K11-K10)/K10 -> #REF! | O11: =(M11-M10)/M10 -> 0.0043745099 | P11: 21.605753 | Q11: =(N11-N10)/N10 -> #REF! | R11: =(P11-P10)/P10 -> 0.01233587 | S11: 19.84 | T11: =(Q11-Q10)/Q10 -> #REF! | U11: =(S11-S10)/S10 -> 0.093715606 | V11: 16.873728 | W11: =(T11-T10)/T10 -> #REF! | X11: =(V11-V10)/V10 -> -0.02807774 | Y11: 23.912996 | Z11: =(W11-W10)/W10 -> #REF! | AA11: =(Y11-Y10)/Y10 -> -0.0100215 | AB11: 50.100224 | AC11: =(Z11-Z10)/Z10 -> #REF! | AD11: =(AB11-AB10)/AB10 -> -0.0026926978 | AE11: =(C11*'10Stocks'!$D$3)+(F11*'10Stocks'!$D$4)+('10Stocks_'!I11*'10Stocks'!$D$5)+('10Stocks_'!L11*'10Stocks'!$D$6)+('10Stocks_'!O11*'10Stocks'!$D$7)+('10Stocks_'!R11*'10Stocks'!$D$8)+('10Stocks_'!U11*'10Stocks'!$D$9)+('10Stocks_'!X11*'10Stocks'!$D$10)+('10Stocks_'!AA11*'10Stocks'!$D$11)+('10Stocks_'!AD11*'10Stocks'!$D$12) -> 0.015941428 | AF11: =AF10+(AF10*AE11) -> 103621.95
A12: 33.065135 | B12: =(#REF!-#REF!)/#REF! -> #REF! | C12: =(A12-A11)/A11 -> -0.005064686 | D12: 75.639999 | E12: =(B12-B11)/B11 -> #REF! | F12: =(D12-D11)/D11 -> 0.0081300814 | G12: 31.415374 | H12: =(E12-E11)/E11 -> #REF! | I12: =(G12-G11)/G11 -> 0.0011364349 | J12: 31.209793 | K12: =(H12-H11)/H11 -> #REF! | L12: =(J12-J11)/J11 -> -0.005549111 | M12: 246.76366 | N12: =(K12-K11)/K11 -> #REF! | O12: =(M12-M11)/M11 -> 0.0054544525 | P12: 21.665203 | Q12: =(N12-N11)/N11 -> #REF! | R12: =(P12-P11)/P11 -> 0.002751582 | S12: 19.889999 | T12: =(Q12-Q11)/Q11 -> #REF! | U12: =(S12-S11)/S11 -> 0.0025201109 | V12: 17.014342 | W12: =(T12-T11)/T11 -> #REF! | X12: =(V12-V11)/V11 -> 0.0083333096 | Y12: 24.042676 | Z12: =(W12-W11)/W11 -> #REF! | AA12: =(Y12-Y11)/Y11 -> 0.0054229926 | AB12: 50.10868 | AC12: =(Z12-Z11)/Z11 -> #REF! | AD12: =(AB12-AB11)/AB11 -> 0.00016878168 | AE12: =(C12*'10Stocks'!$D$3)+(F12*'10Stocks'!$D$4)+('10Stocks_'!I12*'10Stocks'!$D$5)+('10Stocks_'!L12*'10Stocks'!$D$6)+('10Stocks_'!O12*'10Stocks'!$D$7)+('10Stocks_'!R12*'10Stocks'!$D$8)+('10Stocks_'!U12*'10Stocks'!$D$9)+('10Stocks_'!X12*'10Stocks'!$D$10)+('10Stocks_'!AA12*'10Stocks'!$D$11)+('10Stocks_'!AD12*'10Stocks'!$D$12) -> -0.0013699353 | AF12: =AF11+(AF11*AE12) -> 103479.99
A13: 32.861314 | B13: =(#REF!-#REF!)/#REF! -> #REF! | C13: =(A13-A12)/A12 -> -0.0061642271 | D13: 73.529999 | E13: =(B13-B12)/B12 -> #REF! | F13: =(D13-D12)/D12 -> -0.027895294 | G13: 30.815118 | H13: =(E13-E12)/E12 -> #REF! | I13: =(G13-G12)/G12 -> -0.019107078 | J13: 30.274873 | K13: =(H13-H12)/H12 -> #REF! | L13: =(J13-J12)/J12 -> -0.029955982 | M13: 229.57582 | N13: =(K13-K12)/K12 -> #REF! | O13: =(M13-M12)/M12 -> -0.069653028 | P13: 21.138647 | Q13: =(N13-N12)/N12 -> #REF! | R13: =(P13-P12)/P12 -> -0.024304226 | S13: 20.639999 | T13: =(Q13-Q12)/Q12 -> #REF! | U13: =(S13-S12)/S12 -> 0.037707393 | V13: 16.939347 | W13: =(T13-T12)/T12 -> #REF! | X13: =(V13-V12)/V12 -> -0.004407752 | Y13: 22.685358 | Z13: =(W13-W12)/W12 -> #REF! | AA13: =(Y13-Y12)/Y12 -> -0.056454531 | AB13: 49.001164 | AC13: =(Z13-Z12)/Z12 -> #REF! | AD13: =(AB13-AB12)/AB12 -> -0.022102278 | AE13: =(C13*'10Stocks'!$D$3)+(F13*'10Stocks'!$D$4)+('10Stocks_'!I13*'10Stocks'!$D$5)+('10Stocks_'!L13*'10Stocks'!$D$6)+('10Stocks_'!O13*'10Stocks'!$D$7)+('10Stocks_'!R13*'10Stocks'!$D$8)+('10Stocks_'!U13*'10Stocks'!$D$9)+('10Stocks_'!X13*'10Stocks'!$D$10)+('10Stocks_'!AA13*'10Stocks'!$D$11)+('10Stocks_'!AD13*'10Stocks'!$D$12) -> -0.020941119 | AF13: =AF12+(AF12*AE13) -> 101313.01
A14: 32.293244 | B14: =(#REF!-#REF!)/#REF! -> #REF! | C14: =(A14-A13)/A13 -> -0.017286892 | D14: 72.900002 | E14: =(B14-B13)/B13 -> #REF! | F14: =(D14-D13)/D13 -> -0.0085678908 | G14: 30.809176 | H14: =(E14-E13)/E13 -> #REF! | I14: =(G14-G13)/G13 -> -0.00019282743 | J14: 30.53152 | K14: =(H14-H13)/H13 -> #REF! | L14: =(J14-J13)/J13 -> 0.008477228 | M14: 232.85755 | N14: =(K14-K13)/K13 -> #REF! | O14: =(M14-M13)/M13 -> 0.014294737 | P14: 21.427403 | Q14: =(N14-N13)/N13 -> #REF! | R14: =(P14-P13)/P13 -> 0.013660098 | S14: 21.91 | T14: =(Q14-Q13)/Q13 -> #REF! | U14: =(S14-S13)/S13 -> 0.061531059 | V14: 17.126834 | W14: =(T14-T13)/T13 -> #REF! | X14: =(V14-V13)/V13 -> 0.011068136 | Y14: 22.495162 | Z14: =(W14-W13)/W13 -> #REF! | AA14: =(Y14-Y13)/Y13 -> -0.0083840863 | AB14: 49.398518 | AC14: =(Z14-Z13)/Z13 -> #REF! | AD14: =(AB14-AB13)/AB13 -> 0.0081090727 | AE14: =(C14*'10Stocks'!$D$3)+(F14*'10Stocks'!$D$4)+('10Stocks_'!I14*'10Stocks'!$D$5)+('10Stocks_'!L14*'10Stocks'!$D$6)+('10Stocks_'!O14*'10Stocks'!$D$7)+('10Stocks_'!R14*'10Stocks'!$D$8)+('10Stocks_'!U14*'10Stocks'!$D$9)+('10Stocks_'!X14*'10Stocks'!$D$10)+('10Stocks_'!AA14*'10Stocks'!$D$11)+('10Stocks_'!AD14*'10Stocks'!$D$12) -> 0.014488418 | AF14: =AF13+(AF13*AE14) -> 102780.87
... A381: 53.27241 | B381: =(#REF!-#REF!)/#REF! -> #REF! | C381: =(A381-A380)/A380 -> 0.0061593545 | D381: 114.72 | E381: =(B381-B380)/B380 -> #REF! | F381: =(D381-D380)/D380 -> -0.015278961 | G381: 45.788639 | H381: =(E381-E380)/E380 -> #REF! | I381: =(G381-G380)/G380 -> 0.014619823 | J381: 35.529341 | K381: =(H381-H380)/H380 -> #REF! | L381: =(J381-J380)/J380 -> 0.012620772 | M381: 320.87966 | N381: =(K381-K380)/K380 -> #REF! | O381: =(M381-M380)/M380 -> 0.00422067 | P381: 22.94657 | Q381: =(N381-N380)/N380 -> #REF! | R381: =(P381-P380)/P380 -> 0.0077459598 | S381: 28.73 | T381: =(Q381-Q380)/Q380 -> #REF! | U381: =(S381-S380)/S380 -> 0.0077165907 | V381: 16.412553 | W381: =(T381-T380)/T380 -> #REF! | X381: =(V381-V380)/V380 -> 0.021160683 | Y381: 24.503553 | Z381: =(W381-W380)/W380 -> #REF! | AA381: =(Y381-Y380)/Y380 -> 0.023976378 | AB381: 74.795314 | AC381: =(Z381-Z380)/Z380 -> #REF! | AD381: =(AB381-AB380)/AB380 -> 0.012948391 | AE381: =(C381*'10Stocks'!$D$3)+(F381*'10Stocks'!$D$4)+('10Stocks_'!I381*'10Stocks'!$D$5)+('10Stocks_'!L381*'10Stocks'!$D$6)+('10Stocks_'!O381*'10Stocks'!$D$7)+('10Stocks_'!R381*'10Stocks'!$D$8)+('10Stocks_'!U381*'10Stocks'!$D$9)+('10Stocks_'!X381*'10Stocks'!$D$10)+('10Stocks_'!AA381*'10Stocks'!$D$11)+('10Stocks_'!AD381*'10Stocks'!$D$12) -> 0.0087452209 | AF381: =AF380+(AF380*AE381) -> 137531.13
A382: 53.25663 | B382: =(#REF!-#REF!)/#REF! -> #REF! | C382: =(A382-A381)/A381 -> -0.00029621337 | D382: 116.47 | E382: =(B382-B381)/B381 -> #REF! | F382: =(D382-D381)/D381 -> 0.015254533 | G382: 45.788639 | H382: =(E382-E381)/E381 -> #REF! | I382: =(G382-G381)/G381 -> 0 | J382: 35.331485 | K382: =(H382-H381)/H381 -> #REF! | L382: =(J382-J381)/J381 -> -0.0055688058 | M382: 322.62792 | N382: =(K382-K381)/K381 -> #REF! | O382: =(M382-M381)/M381 -> 0.0054483322 | P382: 22.893656 | Q382: =(N382-N381)/N381 -> #REF! | R382: =(P382-P381)/P381 -> -0.0023059656 | S382: 28.559999 | T382: =(Q382-Q381)/Q381 -> #REF! | U382: =(S382-S381)/S381 -> -0.0059171946 | V382: 16.422271 | W382: =(T382-T381)/T381 -> #REF! | X382: =(V382-V381)/V381 -> 0.00059210776 | Y382: 24.327013 | Z382: =(W382-W381)/W381 -> #REF! | AA382: =(Y382-Y381)/Y381 -> -0.0072046695 | AB382: 74.347968 | AC382: =(Z382-Z381)/Z381 -> #REF! | AD382: =(AB382-AB381)/AB381 -> -0.0059809362 | AE382: =(C382*'10Stocks'!$D$3)+(F382*'10Stocks'!$D$4)+('10Stocks_'!I382*'10Stocks'!$D$5)+('10Stocks_'!L382*'10Stocks'!$D$6)+('10Stocks_'!O382*'10Stocks'!$D$7)+('10Stocks_'!R382*'10Stocks'!$D$8)+('10Stocks_'!U382*'10Stocks'!$D$9)+('10Stocks_'!X382*'10Stocks'!$D$10)+('10Stocks_'!AA382*'10Stocks'!$D$11)+('10Stocks_'!AD382*'10Stocks'!$D$12) -> -0.002478186 | AF382: =AF381+(AF381*AE382) -> 137190.31 | AG382: 100000
A383: 54.075861 | B383: =(#REF!-#REF!)/#REF! -> #REF! | C383: =(A383-A382)/A382 -> 0.015382704 | D383: 124.29 | E383: =(B383-B382)/B382 -> #REF! | F383: =(D383-D382)/D382 -> 0.067141753 | G383: 46.605506 | H383: =(E383-E382)/E382 -> #REF! | I383: =(G383-G382)/G382 -> 0.017839949 | J383: 36.094647 | K383: =(H383-H382)/H382 -> #REF! | L383: =(J383-J382)/J382 -> 0.021600054 | M383: 332.37319 | N383: =(K383-K382)/K382 -> #REF! | O383: =(M383-M382)/M382 -> 0.030205898 | P383: 23.607982 | Q383: =(N383-N382)/N382 -> #REF! | R383: =(P383-P382)/P382 -> 0.031201919 | S383: 28.08 | T383: =(Q383-Q382)/Q382 -> #REF! | U383: =(S383-S382)/S382 -> -0.016806688 | V383: 17.598067 | W383: =(T383-T382)/T382 -> #REF! | X383: =(V383-V382)/V382 -> 0.071597649 | Y383: 25.094957 | Z383: =(W383-W382)/W382 -> #REF! | AA383: =(Y383-Y382)/Y382 -> 0.031567542 | AB383: 75.435643 | AC383: =(Z383-Z382)/Z382 -> #REF! | AD383: =(AB383-AB382)/AB382 -> 0.014629519 | AE383: =(C383*'10Stocks'!$D$3)+(F383*'10Stocks'!$D$4)+('10Stocks_'!I383*'10Stocks'!$D$5)+('10Stocks_'!L383*'10Stocks'!$D$6)+('10Stocks_'!O383*'10Stocks'!$D$7)+('10Stocks_'!R383*'10Stocks'!$D$8)+('10Stocks_'!U383*'10Stocks'!$D$9)+('10Stocks_'!X383*'10Stocks'!$D$10)+('10Stocks_'!AA383*'10Stocks'!$D$11)+('10Stocks_'!AD383*'10Stocks'!$D$12) -> 0.016564842 | AF383: =AF382+(AF382*AE383) -> 139462.84 | AG383: =AG382+(AG382*AE383) -> 101656.48
A384: 54.366473 | B384: =(#REF!-#REF!)/#REF! -> #REF! | C384: =(A384-A383)/A383 -> 0.0053741539 | D384: 121.99 | E384: =(B384-B383)/B383 -> #REF! | F384: =(D384-D383)/D383 -> -0.018505133 | G384: 46.385582 | H384: =(E384-E383)/E383 -> #REF! | I384: =(G384-G383)/G383 -> -0.0047188416 | J384: 36.603417 | K384: =(H384-H383)/H383 -> #REF! | L384: =(J384-J383)/J383 -> 0.014095442 | M384: 333.80677 | N384: =(K384-K383)/K383 -> #REF! | O384: =(M384-M383)/M383 -> 0.0043131759 | P384: 24.163567 | Q384: =(N384-N383)/N383 -> #REF! | R384: =(P384-P383)/P383 -> 0.023533778 | S384: 27.709999 | T384: =(Q384-Q383)/Q383 -> #REF! | U384: =(S384-S383)/S383 -> -0.013176674 | V384: 18.258846 | W384: =(T384-T383)/T383 -> #REF! | X384: =(V384-V383)/V383 -> 0.037548385 | Y384: 25.209706 | Z384: =(W384-W383)/W383 -> #REF! | AA384: =(Y384-Y383)/Y383 -> 0.004572592 | AB384: 75.453183 | AC384: =(Z384-Z383)/Z383 -> #REF! | AD384: =(AB384-AB383)/AB383 -> 0.00023251608 | AE384: =(C384*'10Stocks'!$D$3)+(F384*'10Stocks'!$D$4)+('10Stocks_'!I384*'10Stocks'!$D$5)+('10Stocks_'!L384*'10Stocks'!$D$6)+('10Stocks_'!O384*'10Stocks'!$D$7)+('10Stocks_'!R384*'10Stocks'!$D$8)+('10Stocks_'!U384*'10Stocks'!$D$9)+('10Stocks_'!X384*'10Stocks'!$D$10)+('10Stocks_'!AA384*'10Stocks'!$D$11)+('10Stocks_'!AD384*'10Stocks'!$D$12) -> 0.0072676003 | AF384: =AF383+(AF383*AE384) -> 140476.4 | AG384: =AG383+(AG383*AE384) -> 102395.28
A385: 54.970046 | B385: =(#REF!-#REF!)/#REF! -> #REF! | C385: =(A385-A384)/A384 -> 0.011101934 | D385: 123.27 | E385: =(B385-B384)/B384 -> #REF! | F385: =(D385-D384)/D384 -> 0.010492655 | G385: 46.014845 | H385: =(E385-E384)/E384 -> #REF! | I385: =(G385-G384)/G384 -> -0.0079925051 | J385: 37.215831 | K385: =(H385-H384)/H384 -> #REF! | L385: =(J385-J384)/J384 -> 0.016731061 | M385: 329.17638 | N385: =(K385-K384)/K384 -> #REF! | O385: =(M385-M384)/M384 -> -0.013871474 | P385: 24.410494 | Q385: =(N385-N384)/N384 -> #REF! | R385: =(P385-P384)/P384 -> 0.01021898 | S385: 27.120001 | T385: =(Q385-Q384)/Q384 -> #REF! | U385: =(S385-S384)/S384 -> -0.021291881 | V385: 18.560082 | W385: =(T385-T384)/T384 -> #REF! | X385: =(V385-V384)/V384 -> 0.016498085 | Y385: 25.615746 | Z385: =(W385-W384)/W384 -> #REF! | AA385: =(Y385-Y384)/Y384 -> 0.016106495 | AB385: 75.225127 | AC385: =(Z385-Z384)/Z384 -> #REF! | AD385: =(AB385-AB384)/AB384 -> -0.0030224835 | AE385: =(C385*'10Stocks'!$D$3)+(F385*'10Stocks'!$D$4)+('10Stocks_'!I385*'10Stocks'!$D$5)+('10Stocks_'!L385*'10Stocks'!$D$6)+('10Stocks_'!O385*'10Stocks'!$D$7)+('10Stocks_'!R385*'10Stocks'!$D$8)+('10Stocks_'!U385*'10Stocks'!$D$9)+('10Stocks_'!X385*'10Stocks'!$D$10)+('10Stocks_'!AA385*'10Stocks'!$D$11)+('10Stocks_'!AD385*'10Stocks'!$D$12) -> 0.0034122344 | AF385: =AF384+(AF384*AE385) -> 140955.74 | AG385: =AG384+(AG384*AE385) -> 102744.68
A386: 55.544693 | B386: =(#REF!-#REF!)/#REF! -> #REF! | C386: =(A386-A385)/A385 -> 0.010453821 | D386: 121.09 | E386: =(B386-B385)/B385 -> #REF! | F386: =(D386-D385)/D385 -> -0.017684766 | G386: 45.65668 | H386: =(E386-E385)/E385 -> #REF! | I386: =(G386-G385)/G385 -> -0.0077836837 | J386: 37.602122 | K386: =(H386-H385)/H385 -> #REF! | L386: =(J386-J385)/J385 -> 0.010379749 | M386: 324.68586 | N386: =(K386-K385)/K385 -> #REF! | O386: =(M386-M385)/M385 -> -0.013641662 | P386: 24.789704 | Q386: =(N386-N385)/N385 -> #REF! | R386: =(P386-P385)/P385 -> 0.015534712 | S386: 26.91 | T386: =(Q386-Q385)/Q385 -> #REF! | U386: =(S386-S385)/S385 -> -0.0077433994 | V386: 18.511494 | W386: =(T386-T385)/T385 -> #REF! | X386: =(V386-V385)/V385 -> -0.0026178764 | Y386: 25.545131 | Z386: =(W386-W385)/W385 -> #REF! | AA386: =(Y386-Y385)/Y385 -> -0.0027567028 | AB386: 74.663746 | AC386: =(Z386-Z385)/Z385 -> #REF! | AD386: =(AB386-AB385)/AB385 -> -0.0074626793 | AE386: =(C386*'10Stocks'!$D$3)+(F386*'10Stocks'!$D$4)+('10Stocks_'!I386*'10Stocks'!$D$5)+('10Stocks_'!L386*'10Stocks'!$D$6)+('10Stocks_'!O386*'10Stocks'!$D$7)+('10Stocks_'!R386*'10Stocks'!$D$8)+('10Stocks_'!U386*'10Stocks'!$D$9)+('10Stocks_'!X386*'10Stocks'!$D$10)+('10Stocks_'!AA386*'10Stocks'!$D$11)+('10Stocks_'!AD386*'10Stocks'!$D$12) -> 0.0036729946 | AF386: =AF385+(AF385*AE386) -> 141473.47 | AG386: =AG385+(AG385*AE386) -> 103122.06
A387: 55.456589 | B387: =(#REF!-#REF!)/#REF! -> #REF! | C387: =(A387-A386)/A386 -> -0.0015861821 | D387: 120.11 | E387: =(B387-B386)/B386 -> #REF! | F387: =(D387-D386)/D386 -> -0.0080931128 | G387: 45.832623 | H387: =(E387-E386)/E386 -> #REF! | I387: =(G387-G386)/G386 -> 0.0038536092 | J387: 37.451375 | K387: =(H387-H386)/H386 -> #REF! | L387: =(J387-J386)/J386 -> -0.0040090025 | M387: 310.9196 | N387: =(K387-K386)/K386 -> #REF! | O387: =(M387-M386)/M386 -> -0.042398707 | P387: 24.463407 | Q387: =(N387-N386)/N386 -> #REF! | R387: =(P387-P386)/P386 -> -0.013162602 | S387: 27.25 | T387: =(Q387-Q386)/Q386 -> #REF! | U387: =(S387-S386)/S386 -> 0.012634708 | V387: 18.589233 | W387: =(T387-T386)/T386 -> #REF! | X387: =(V387-V386)/V386 -> 0.004199499 | Y387: 25.862899 | Z387: =(W387-W386)/W386 -> #REF! | AA387: =(Y387-Y386)/Y386 -> 0.012439474 | AB387: 74.997064 | AC387: =(Z387-Z386)/Z386 -> #REF! | AD387: =(AB387-AB386)/AB386 -> 0.004464255 | AE387: =(C387*'10Stocks'!$D$3)+(F387*'10Stocks'!$D$4)+('10Stocks_'!I387*'10Stocks'!$D$5)+('10Stocks_'!L387*'10Stocks'!$D$6)+('10Stocks_'!O387*'10Stocks'!$D$7)+('10Stocks_'!R387*'10Stocks'!$D$8)+('10Stocks_'!U387*'10Stocks'!$D$9)+('10Stocks_'!X387*'10Stocks'!$D$10)+('10Stocks_'!AA387*'10Stocks'!$D$11)+('10Stocks_'!AD387*'10Stocks'!$D$12) -> -0.0084241235 | AF387: =AF386+(AF386*AE387) -> 140281.68 | AG387: =AG386+(AG386*AE387) -> 102253.35
A388: 55.65515 | B388: =(#REF!-#REF!)/#REF! -> #REF! | C388: =(A388-A387)/A387 -> 0.0035804763 | D388: 126.88 | E388: =(B388-B387)/B387 -> #REF! | F388: =(D388-D387)/D387 -> 0.056364965 | G388: 46.046267 | H388: =(E388-E387)/E387 -> #REF! | I388: =(G388-G387)/G387 -> 0.0046613959 | J388: 37.338315 | K388: =(H388-H387)/H387 -> #REF! | L388: =(J388-J387)/J387 -> -0.0030188478 | M388: 311.25928 | N388: =(K388-K387)/K387 -> #REF! | O388: =(M388-M387)/M387 -> 0.001092485 | P388: 24.551595 | Q388: =(N388-N387)/N387 -> #REF! | R388: =(P388-P387)/P387 -> 0.0036048944 | S388: 27.620001 | T388: =(Q388-Q387)/Q387 -> #REF! | U388: =(S388-S387)/S387 -> 0.013578018 | V388: 19.318032 | W388: =(T388-T387)/T387 -> #REF! | X388: =(V388-V387)/V387 -> 0.039205437 | Y388: 25.959996 | Z388: =(W388-W387)/W387 -> #REF! | AA388: =(Y388-Y387)/Y387 -> 0.0037542968 | AB388: 75.19004 | AC388: =(Z388-Z387)/Z387 -> #REF! | AD388: =(AB388-AB387)/AB387 -> 0.0025731141 | AE388: =(C388*'10Stocks'!$D$3)+(F388*'10Stocks'!$D$4)+('10Stocks_'!I388*'10Stocks'!$D$5)+('10Stocks_'!L388*'10Stocks'!$D$6)+('10Stocks_'!O388*'10Stocks'!$D$7)+('10Stocks_'!R388*'10Stocks'!$D$8)+('10Stocks_'!U388*'10Stocks'!$D$9)+('10Stocks_'!X388*'10Stocks'!$D$10)+('10Stocks_'!AA388*'10Stocks'!$D$11)+('10Stocks_'!AD388*'10Stocks'!$D$12) -> 0.0022617091 | AF388: =AF387+(AF387*AE388) -> 140598.96 | AG388: =AG387+(AG387*AE388) -> 102484.61
A389: 55.564416 | B389: =(#REF!-#REF!)/#REF! -> #REF! | C389: =(A389-A388)/A388 -> -0.0016302894 | D389: 128.19 | E389: =(B389-B388)/B388 -> #REF! | F389: =(D389-D388)/D388 -> 0.010324756 | G389: 45.248251 | H389: =(E389-E388)/E388 -> #REF! | I389: =(G389-G388)/G388 -> -0.017330743 | J389: 36.462094 | K389: =(H389-H388)/H388 -> #REF! | L389: =(J389-J388)/J388 -> -0.023467074 | M389: 312.66786 | N389: =(K389-K388)/K388 -> #REF! | O389: =(M389-M388)/M388 -> 0.0045254362 | P389: 24.445769 | Q389: =(N389-N388)/N388 -> #REF! | R389: =(P389-P388)/P388 -> -0.0043103513 | S389: 28.23 | T389: =(Q389-Q388)/Q388 -> #REF! | U389: =(S389-S388)/S388 -> 0.022085408 | V389: 19.415205 | W389: =(T389-T388)/T388 -> #REF! | X389: =(V389-V388)/V388 -> 0.0050301708 | Y389: 26.145362 | Z389: =(W389-W388)/W388 -> #REF! | AA389: =(Y389-Y388)/Y388 -> 0.0071404479 | AB389: 74.628659 | AC389: =(Z389-Z388)/Z388 -> #REF! | AD389: =(AB389-AB388)/AB388 -> -0.0074661617 | AE389: =(C389*'10Stocks'!$D$3)+(F389*'10Stocks'!$D$4)+('10Stocks_'!I389*'10Stocks'!$D$5)+('10Stocks_'!L389*'10Stocks'!$D$6)+('10Stocks_'!O389*'10Stocks'!$D$7)+('10Stocks_'!R389*'10Stocks'!$D$8)+('10Stocks_'!U389*'10Stocks'!$D$9)+('10Stocks_'!X389*'10Stocks'!$D$10)+('10Stocks_'!AA389*'10Stocks'!$D$11)+('10Stocks_'!AD389*'10Stocks'!$D$12) -> -0.0053217359 | AF389: =AF388+(AF388*AE389) -> 139850.73 | AG389: =AG388+(AG388*AE389) -> 101939.22
A390: 55.411879 | B390: =(#REF!-#REF!)/#REF! -> #REF! | C390: =(A390-A389)/A389 -> -0.0027452282 | D390: 128.3 | E390: =(B390-B389)/B389 -> #REF! | F390: =(D390-D389)/D389 -> 0.00085810904 | G390: 44.462797 | H390: =(E390-E389)/E389 -> #REF! | I390: =(G390-G389)/G389 -> -0.01735877 | J390: 36.490358 | K390: =(H390-H389)/H389 -> #REF! | L390: =(J390-J389)/J389 -> 0.00077516119 | M390: 314.50603 | N390: =(K390-K389)/K389 -> #REF! | O390: =(M390-M389)/M389 -> 0.0058789732 | P390: 24.692696 | Q390: =(N390-N389)/N389 -> #REF! | R390: =(P390-P389)/P389 -> 0.010101012 | S390: 28.25 | T390: =(Q390-Q389)/Q389 -> #REF! | U390: =(S390-S389)/S389 -> 0.00070846617 | V390: 19.201425 | W390: =(T390-T389)/T389 -> #REF! | X390: =(V390-V389)/V389 -> -0.011010958 | Y390: 26.136535 | Z390: =(W390-W389)/W389 -> #REF! | AA390: =(Y390-Y389)/Y389 -> -0.00033761246 | AB390: 74.330421 | AC390: =(Z390-Z389)/Z389 -> #REF! | AD390: =(AB390-AB389)/AB389 -> -0.0039962932 | AE390: =(C390*'10Stocks'!$D$3)+(F390*'10Stocks'!$D$4)+('10Stocks_'!I390*'10Stocks'!$D$5)+('10Stocks_'!L390*'10Stocks'!$D$6)+('10Stocks_'!O390*'10Stocks'!$D$7)+('10Stocks_'!R390*'10Stocks'!$D$8)+('10Stocks_'!U390*'10Stocks'!$D$9)+('10Stocks_'!X390*'10Stocks'!$D$10)+('10Stocks_'!AA390*'10Stocks'!$D$11)+('10Stocks_'!AD390*'10Stocks'!$D$12) -> 0.0019793285 | AF390: =AF389+(AF389*AE390) -> 140127.54 | AG390: =AG389+(AG389*AE390) -> 102140.99
A391: 55.204114 | B391: =(#REF!-#REF!)/#REF! -> #REF! | C391: =(A391-A390)/A390 -> -0.0037494668 | D391: 127.41 | E391: =(B391-B390)/B390 -> #REF! | F391: =(D391-D390)/D390 -> -0.0069368588 | G391: 44.198887 | H391: =(E391-E390)/E390 -> #REF! | I391: =(G391-G390)/G390 -> -0.005935524 | J391: 36.179443 | K391: =(H391-H390)/H390 -> #REF! | L391: =(J391-J390)/J390 -> -0.00852047 | M391: 312.18335 | N391: =(K391-K390)/K390 -> #REF! | O391: =(M391-M390)/M390 -> -0.0073851653 | P391: 24.913167 | Q391: =(N391-N390)/N390 -> #REF! | R391: =(P391-P390)/P390 -> 0.0089285917 | S391: 22.790001 | T391: =(Q391-Q390)/Q390 -> #REF! | U391: =(S391-S390)/S390 -> -0.1932743 | V391: 19.259728 | W391: =(T391-T390)/T390 -> #REF! | X391: =(V391-V390)/V390 -> 0.0030363892 | Y391: 26.136535 | Z391: =(W391-W390)/W390 -> #REF! | AA391: =(Y391-Y390)/Y390 -> 0 | AB391: 74.453223 | AC391: =(Z391-Z390)/Z390 -> #REF! | AD391: =(AB391-AB390)/AB390 -> 0.0016521096 | AE391: =(C391*'10Stocks'!$D$3)+(F391*'10Stocks'!$D$4)+('10Stocks_'!I391*'10Stocks'!$D$5)+('10Stocks_'!L391*'10Stocks'!$D$6)+('10Stocks_'!O391*'10Stocks'!$D$7)+('10Stocks_'!R391*'10Stocks'!$D$8)+('10Stocks_'!U391*'10Stocks'!$D$9)+('10Stocks_'!X391*'10Stocks'!$D$10)+('10Stocks_'!AA391*'10Stocks'!$D$11)+('10Stocks_'!AD391*'10Stocks'!$D$12) -> -0.036703976 | AF391: =AF390+(AF390*AE391) -> 134984.3 | AG391: =AG390+(AG390*AE391) -> 98392.009
A392: 55.847138 | B392: =(#REF!-#REF!)/#REF! -> #REF! | C392: =(A392-A391)/A391 -> 0.011648117 | D392: 128.85001 | E392: =(B392-B391)/B391 -> #REF! | F392: =(D392-D391)/D391 -> 0.011302111 | G392: 44.48793 | H392: =(E392-E391)/E391 -> #REF! | I392: =(G392-G391)/G391 -> 0.0065395991 | J392: 36.254814 | K392: =(H392-H391)/H391 -> #REF! | L392: =(J392-J391)/J391 -> 0.0020832548 | M392: 313.97656 | N392: =(K392-K391)/K391 -> #REF! | O392: =(M392-M391)/M391 -> 0.005744102 | P392: 24.921986 | Q392: =(N392-N391)/N391 -> #REF! | R392: =(P392-P391)/P391 -> 0.00035398952 | S392: 26.6 | T392: =(Q392-Q391)/Q391 -> #REF! | U392: =(S392-S391)/S391 -> 0.16717854 | V392: 20.114854 | W392: =(T392-T391)/T391 -> #REF! | X392: =(V392-V391)/V391 -> 0.044399692 | Y392: 26.330727 | Z392: =(W392-W391)/W391 -> #REF! | AA392: =(Y392-Y391)/Y391 -> 0.0074299061 | AB392: 75.163726 | AC392: =(Z392-Z391)/Z391 -> #REF! | AD392: =(AB392-AB391)/AB391 -> 0.0095429448 | AE392: =(C392*'10Stocks'!$D$3)+(F392*'10Stocks'!$D$4)+('10Stocks_'!I392*'10Stocks'!$D$5)+('10Stocks_'!L392*'10Stocks'!$D$6)+('10Stocks_'!O392*'10Stocks'!$D$7)+('10Stocks_'!R392*'10Stocks'!$D$8)+('10Stocks_'!U392*'10Stocks'!$D$9)+('10Stocks_'!X392*'10Stocks'!$D$10)+('10Stocks_'!AA392*'10Stocks'!$D$11)+('10Stocks_'!AD392*'10Stocks'!$D$12) -> 0.031821331 | AF392: =AF391+(AF391*AE392) -> 139279.68 | AG392: =AG391+(AG391*AE392) -> 101522.97
A393: 56.427044 | B393: =(#REF!-#REF!)/#REF! -> #REF! | C393: =(A393-A392)/A392 -> 0.010383809 | D393: 126.07 | E393: =(B393-B392)/B392 -> #REF! | F393: =(D393-D392)/D392 -> -0.021575521 | G393: 44.92778 | H393: =(E393-E392)/E392 -> #REF! | I393: =(G393-G392)/G392 -> 0.0098869514 | J393: 36.763589 | K393: =(H393-H392)/H392 -> #REF! | L393: =(J393-J392)/J392 -> 0.014033309 | M393: 316.13941 | N393: =(K393-K392)/K392 -> #REF! | O393: =(M393-M392)/M392 -> 0.0068885619 | P393: 24.895529 | Q393: =(N393-N392)/N392 -> #REF! | R393: =(P393-P392)/P392 -> -0.0010615928 | S393: 26.809999 | T393: =(Q393-Q392)/Q392 -> #REF! | U393: =(S393-S392)/S392 -> 0.0078946992 | V393: 20.950542 | W393: =(T393-T392)/T392 -> #REF! | X393: =(V393-V392)/V392 -> 0.041545815 | Y393: 26.69263 | Z393: =(W393-W392)/W392 -> #REF! | AA393: =(Y393-Y392)/Y392 -> 0.013744512 | AB393: 75.830362 | AC393: =(Z393-Z392)/Z392 -> #REF! | AD393: =(AB393-AB392)/AB392 -> 0.0088691186 | AE393: =(C393*'10Stocks'!$D$3)+(F393*'10Stocks'!$D$4)+('10Stocks_'!I393*'10Stocks'!$D$5)+('10Stocks_'!L393*'10Stocks'!$D$6)+('10Stocks_'!O393*'10Stocks'!$D$7)+('10Stocks_'!R393*'10Stocks'!$D$8)+('10Stocks_'!U393*'10Stocks'!$D$9)+('10Stocks_'!X393*'10Stocks'!$D$10)+('10Stocks_'!AA393*'10Stocks'!$D$11)+('10Stocks_'!AD393*'10Stocks'!$D$12) -> 0.0096371402 | AF393: =AF392+(AF392*AE393) -> 140621.94 | AG393: =AG392+(AG392*AE393) -> 102501.37
A394: 56.248206 | B394: =(#REF!-#REF!)/#REF! -> #REF! | C394: =(A394-A393)/A393 -> -0.0031693668 | D394: 123.62 | E394: =(B394-B393)/B393 -> #REF! | F394: =(D394-D393)/D393 -> -0.019433624 | G394: 44.783259 | H394: =(E394-E393)/E393 -> #REF! | I394: =(G394-G393)/G393 -> -0.0032167403 | J394: 37.1593 | K394: =(H394-H393)/H393 -> #REF! | L394: =(J394-J393)/J393 -> 0.010763666 | M394: 319.46609 | N394: =(K394-K393)/K393 -> #REF! | O394: =(M394-M393)/M393 -> 0.010522826 | P394: 24.798523 | Q394: =(N394-N393)/N393 -> #REF! | R394: =(P394-P393)/P393 -> -0.0038965229 | S394: 26.76 | T394: =(Q394-Q393)/Q393 -> #REF! | U394: =(S394-S393)/S393 -> -0.0018649385 | V394: 21.46556 | W394: =(T394-T393)/T393 -> #REF! | X394: =(V394-V393)/V393 -> 0.024582562 | Y394: 26.613188 | Z394: =(W394-W393)/W393 -> #REF! | AA394: =(Y394-Y393)/Y393 -> -0.0029761773 | AB394: 76.339116 | AC394: =(Z394-Z393)/Z393 -> #REF! | AD394: =(AB394-AB393)/AB393 -> 0.0067091068 | AE394: =(C394*'10Stocks'!$D$3)+(F394*'10Stocks'!$D$4)+('10Stocks_'!I394*'10Stocks'!$D$5)+('10Stocks_'!L394*'10Stocks'!$D$6)+('10Stocks_'!O394*'10Stocks'!$D$7)+('10Stocks_'!R394*'10Stocks'!$D$8)+('10Stocks_'!U394*'10Stocks'!$D$9)+('10Stocks_'!X394*'10Stocks'!$D$10)+('10Stocks_'!AA394*'10Stocks'!$D$11)+('10Stocks_'!AD394*'10Stocks'!$D$12) -> 0.0047740968 | AF394: =AF393+(AF393*AE394) -> 141293.28 | AG394: =AG393+(AG393*AE394) -> 102990.72
... A1513: 95.599998 | B1513: =(#REF!-#REF!)/#REF! -> #REF! | C1513: =(A1513-A1512)/A1512 -> 0.012711822 | D1513: 165.14999 | E1513: =(B1513-B1512)/B1512 -> #REF! | F1513: =(D1513-D1512)/D1512 -> 0.0045008818 | G1513: 43.34066 | H1513: =(E1513-E1512)/E1512 -> #REF! | I1513: =(G1513-G1512)/G1512 -> -0.0070599392 | J1513: 97.114541 | K1513: =(H1513-H1512)/H1512 -> #REF! | L1513: =(J1513-J1512)/J1512 -> 0.0086615369 | M1513: 692.09998 | N1513: =(K1513-K1512)/K1512 -> #REF! | O1513: =(M1513-M1512)/M1512 -> 0.011679395 | P1513: 51.169998 | Q1513: =(N1513-N1512)/N1512 -> #REF! | R1513: =(P1513-P1512)/P1512 -> 0.012465314 | S1513: 212.28 | T1513: =(Q1513-Q1512)/Q1512 -> #REF! | U1513: =(S1513-S1512)/S1512 -> 0.0099433702 | V1513: 34.65552 | W1513: =(T1513-T1512)/T1512 -> #REF! | X1513: =(V1513-V1512)/V1512 -> 0.030005875 | Y1513: 47.330002 | Z1513: =(W1513-W1512)/W1512 -> #REF! | AA1513: =(Y1513-Y1512)/Y1512 -> 0.0076644878 | AB1513: 93.739998 | AC1513: =(Z1513-Z1512)/Z1512 -> #REF! | AD1513: =(AB1513-AB1512)/AB1512 -> 0.013843814 | AE1513: =(C1513*'10Stocks'!$D$3)+(F1513*'10Stocks'!$D$4)+('10Stocks_'!I1513*'10Stocks'!$D$5)+('10Stocks_'!L1513*'10Stocks'!$D$6)+('10Stocks_'!O1513*'10Stocks'!$D$7)+('10Stocks_'!R1513*'10Stocks'!$D$8)+('10Stocks_'!U1513*'10Stocks'!$D$9)+('10Stocks_'!X1513*'10Stocks'!$D$10)+('10Stocks_'!AA1513*'10Stocks'!$D$11)+('10Stocks_'!AD1513*'10Stocks'!$D$12) -> 0.010472351 | AF1513: =AF1512+(AF1512*AE1513) -> 438990.73 | AG1513: =AG1512+(AG1512*AE1513) -> 319986.7
A1516: Adj Close Return
A1518: -0.012125807 | B1518: 0.0069036573 | C1518: -0.0044815707 | D1518: -0.00031746476 | E1518: -0.012271026 | F1518: 0.0065188837 | G1518: -0.078472556 | H1518: 0.011052902 | I1518: -0.016406292 | J1518: -0.008060274 | K1518: {=(Analysis!B33*'10Stocks_'!A1518:A3028)+(Analysis!C33*'10Stocks_'!B1518:B3028)+(Analysis!D33*'10Stocks_'!C1518:C3028)+(Analysis!E33*'10Stocks_'!D1518:D3028)+(Analysis!F33*'10Stocks_'!E1518:E3028)+(Analysis!G33*'10Stocks_'!F1518:F3028)+(Analysis!H33*'10Stocks_'!G1518:G3028)+(Analysis!I33*'10Stocks_'!H1518:H3028)+(Analysis!J33*'10Stocks_'!I1518:I3028)+(Analysis!K33*'10Stocks_'!J1518:J3028)} -> -0.047844835
A1519: -0.006197722 | B1519: -0.014587891 | C1519: -0.0010232382 | D1519: -0.0034931867 | E1519: -0.0066896311 | F1519: 0.004749614 | G1519: -0.12568297 | H1519: -0.012658201 | I1519: -0.011914262 | J1519: -0.00070660504 | K1519: -0.075927431
A1520: 0.0068437567 | B1520: -0.0014804737 | C1520: 0.0077837007 | D1520: 0.010834939 | E1520: -0.0010994678 | F1520: 0.023635556 | G1520: -0.16093749 | H1520: 0.0064103046 | I1520: 0.010852135 | J1520: 0.015732713 | K1520: -0.091897564
A1521: 0.04038137 | B1521: 0.072943013 | C1521: 0.039837604 | D1521: 0.044766682 | E1521: 0.032402993 | F1521: 0.020151098 | G1521: -0.019242767 | H1521: 0.0017370002 | I1521: 0.060039782 | J1521: 0.016881334 | K1521: 0.0055475146
A1522: -0.0022423051 | B1522: 0.00082903133 | C1522: 0.0076231097 | D1522: 0.0060350547 | E1522: 0.01412711 | F1522: 0.0045267926 | G1522: 0.10506323 | H1522: 0.015028926 | I1522: -0.00075024525 | J1522: 0.0065035149 | K1522: 0.06539792
A1523: 0.0059281733 | B1523: -0.016981955 | C1523: 0.014549026 | D1523: 0.012297516 | E1523: 0.023939842 | F1523: -0.0057353261 | G1523: -0.003436369 | H1523: 0.0051253069 | I1523: 0.013513555 | J1523: -0.00051015912 | K1523: 0.0044169769
A1524: -0.0089746265 | B1524: -0.0066010396 | C1524: -0.0038242342 | D1524: 0.00059260089 | E1524: 0.017839983 | F1524: 0.023073688 | G1524: -0.020115 | H1524: 0.0090651143 | I1524: 0.0022222218 | J1524: 0.002722016 | K1524: -0.0095155186
A1525: -0.021337814 | B1525: 0.051604607 | C1525: 0.021497304 | D1525: 0.020136239 | E1525: 0.028098257 | F1525: 0.012082167 | G1525: 0.063929623 | H1525: 0.039865318 | I1525: 0.032520348 | J1525: 0.0081438803 | K1525: 0.046954391
A1526: 0.0036934377 | B1526: 0.0087389356 | C1526: -0.0078920099 | D1526: -0.0060957811 | E1526: 0.0043745099 | F1526: 0.01233587 | G1526: 0.093715606 | H1526: -0.02807774 | I1526: -0.0100215 | J1526: -0.0026926978 | K1526: 0.054037466
A1527: -0.005064686 | B1527: 0.0081300814 | C1527: 0.0011364349 | D1527: -0.005549111 | E1527: 0.0054544525 | F1527: 0.002751582 | G1527: 0.0025201109 | H1527: 0.0083333096 | I1527: 0.0054229926 | J1527: 0.00016878168 | K1527: 0.00056398439
A1528: -0.0061642271 | B1528: -0.027895294 | C1528: -0.019107078 | D1528: -0.029955982 | E1528: -0.069653028 | F1528: -0.024304226 | G1528: 0.037707393 | H1528: -0.004407752 | I1528: -0.056454531 | J1528: -0.022102278 | K1528: 0.0050877137
A1529: -0.017286892 | B1529: -0.0085678908 | C1529: -0.00019282743 | D1529: 0.008477228 | E1529: 0.014294737 | F1529: 0.013660098 | G1529: 0.061531059 | H1529: 0.011068136 | I1529: -0.0083840863 | J1529: 0.0081090727 | K1529: 0.040448585
A1530: 0.02569426 | B1530: 0.015637846 | C1530: 0.015817885 | D1530: 0.0027018963 | E1530: 0.033055884 | F1530: 0.0099088536 | G1530: -0.073482474 | H1530: 0.00054732825 | I1530: -0.0042275757 | J1530: 0.0088995382 | K1530: -0.038492345
... A3028: 0.012711822 | B3028: 0.0045008818 | C3028: -0.0070599392 | D3028: 0.0086615369 | E3028: 0.011679395 | F3028: 0.012465314 | G3028: 0.0099433702 | H3028: 0.030005875 | I3028: 0.0076644878 | J3028: 0.013843814 | K3028: 0.0097819268

Sheet appl
A1: Date | B1: Open | C1: High | D1: Low | E1: Close | F1: Volume | G1: Adj Close | H1: Close Return | I1: Adj Close Return
A2: 40359 | B2: 256.70999 | C2: 257.96999 | D2: 250.01 | E2: 251.53 | F2: 184863000 | G2: 33.075655 | J2: 100000 | M2: Close Return | N2: Adj Close Return
A3: 40360 | B3: 254.3 | C3: 254.80001 | D3: 243.22001 | E3: 248.48 | F3: 255724000 | G3: 32.674586 | H3: =(E3-E2)/E2 -> -0.012125802 | I3: =(G3-G2)/G2 -> -0.012125807 | J3: =J2+(J2*I3) -> 98787.419 | L3: Mean | M3: =AVERAGE(H3:H1513) -> 0.00020823647 | N3: =AVERAGE(I3:I1513) -> 0.00083929393 | O3: =N3*21 -> 0.017625173
A4: 40361 | B4: 250.49 | C4: 250.92999 | D4: 243.20001 | E4: 246.93999 | F4: 173460700 | G4: 32.472078 | H4: =(E4-E3)/E3 -> -0.0061977181 | I4: =(G4-G3)/G3 -> -0.006197722 | J4: =J3+(J3*I4) -> 98175.162 | L4: Median | M4: =MEDIAN(H3:H1513) -> 0.00053549625 | N4: =MEDIAN(I3:I1513) -> 0.00063533441
A5: 40365 | B5: 251 | C5: 252.79999 | D5: 246.16 | E5: 248.62999 | F5: 153808900 | G5: 32.694309 | H5: =(E5-E4)/E4 -> 0.0068437639 | I5: =(G5-G4)/G4 -> 0.0068437567 | J5: =J4+(J4*I5) -> 98847.049 | L5: Min | M5: =MIN(H3:H1513) -> -0.85485696 | N5: =MIN(I3:I1513) -> -0.12355796
A6: 40366 | B6: 250.49 | C6: 258.77001 | D6: 249.74999 | E6: 258.67001 | F6: 163639000 | G6: 34.01455 | H6: =(E6-E5)/E5 -> 0.040381355 | I6: =(G6-G5)/G5 -> 0.04038137 | J6: =J5+(J5*I6) -> 102838.63 | L6: Max | M6: =MAX(H3:H1513) -> 0.088741373 | N6: =MAX(I3:I1513) -> 0.088741367
A7: 40367 | B7: 262.48 | C7: 262.90001 | D7: 254.89 | E7: 258.08999 | F7: 184536100 | G7: 33.938279 | H7: =(E7-E6)/E6 -> -0.0022422894 | I7: =(G7-G6)/G6 -> -0.0022423051 | J7: =J6+(J6*I7) -> 102608.03 | L7: Var | M7: =_xlfn.VAR.S(H3:H1513) -> 0.00075746108 | N7: =_xlfn.VAR.S(I3:I1513) -> 0.00027278234
A8: 40368 | B8: 256.88999 | C8: 259.89999 | D8: 255.15999 | E8: 259.61999 | F8: 108330600 | G8: 34.139471 | H8: =(E8-E7)/E7 -> 0.0059281415 | I8: =(G8-G7)/G7 -> 0.0059281733 | J8: =J7+(J7*I8) -> 103216.31 | L8: SD | M8: =_xlfn.STDEV.S(H3:H1513) -> 0.027522011 | N8: =_xlfn.STDEV.S(I3:I1513) -> 0.016516124
A9: 40371 | B9: 258.53 | C9: 261.85 | D9: 254.86001 | E9: 257.29 | F9: 140719600 | G9: 33.833082 | H9: =(E9-E8)/E8 -> -0.0089746018 | I9: =(G9-G8)/G8 -> -0.0089746265 | J9: =J8+(J8*I9) -> 102289.98 | L9: Sharpe Ratio | M9: =M3/M8 -> 0.0075661795 | N9: =N3/N8 -> 0.050816641
A10: 40372 | B10: 256.31999 | C10: 256.39999 | D10: 246.42999 | E10: 251.79999 | F10: 297731000 | G10: 33.111158 | H10: =(E10-E9)/E9 -> -0.021337813 | I10: =(G10-G9)/G9 -> -0.021337814 | J10: =J9+(J9*I10) -> 100107.34 | L10: Count | N10: =COUNT(I3:I1513) -> 1511
A11: 40373 | B11: 249.37999 | C11: 255.80001 | D11: 249.00001 | E11: 252.73 | F11: 203011900 | G11: 33.233452 | H11: =(E11-E10)/E10 -> 0.0036934393 | I11: =(G11-G10)/G10 -> 0.0036934377 | J11: =J10+(J10*I11) -> 100477.08 | L11: Conf Interv | N11: =_xlfn.CONFIDENCE.NORM(0.05,N8,N10) -> 0.00083276792
A12: 40374 | B12: 248.23001 | C12: 256.96999 | D12: 247.3 | E12: 251.45 | F12: 206216500 | G12: 33.065135 | H12: =(E12-E11)/E11 -> -0.0050647014 | I12: =(G12-G11)/G11 -> -0.005064686 | J12: =J11+(J11*I12) -> 99968.194
A13: 40375 | B13: 253.18 | C13: 254.97 | D13: 248.41001 | E13: 249.9 | F13: 259964600 | G13: 32.861314 | H13: =(E13-E12)/E12 -> -0.0061642314 | I13: =(G13-G12)/G12 -> -0.0061642271 | J13: =J12+(J12*I13) -> 99351.967
A14: 40378 | B14: 249.88001 | C14: 249.88001 | D14: 239.60001 | E14: 245.58001 | F14: 256119500 | G14: 32.293244 | H14: =(E14-E13)/E13 -> -0.017286882 | I14: =(G14-G13)/G13 -> -0.017286892 | J14: =J13+(J13*I14) -> 97634.481
A15: 40379 | B15: 242.9 | C15: 252.89999 | D15: 240.01001 | E15: 251.89001 | F15: 268737700 | G15: 33.122995 | H15: =(E15-E14)/E14 -> 0.025694265 | I15: =(G15-G14)/G14 -> 0.02569426 | J15: =J14+(J14*I15) -> 100143.13 | L15: SUMMARY OUTPUT
A16: 40380 | B16: 265.08999 | C16: 265.14999 | D16: 253.99999 | E16: 254.24 | F16: 296417800 | G16: 33.432013 | H16: =(E16-E15)/E15 -> 0.0093294172 | I16: =(G16-G15)/G15 -> 0.00932941 | J16: =J15+(J15*I16) -> 101077.4
A17: 40381 | B17: 257.68 | C17: 260 | D17: 255.31001 | E17: 259.02 | F17: 161329700 | G17: 34.060574 | H17: =(E17-E16)/E16 -> 0.018801141 | I17: =(G17-G16)/G16 -> 0.018801171 | J17: =J16+(J16*I17) -> 102977.78 | L17: Regression Statistics
A18: 40382 | B18: 257.09 | C18: 260.38 | D18: 256.27999 | E18: 259.94 | F18: 133347200 | G18: 34.181551 | H18: =(E18-E17)/E17 -> 0.00355183 | I18: =(G18-G17)/G17 -> 0.0035518192 | J18: =J17+(J17*I18) -> 103343.53 | L18: Multiple R | M18: 0.49649556
A19: 40385 | B19: 260 | C19: 260.1 | D19: 257.71001 | E19: 259.28001 | F19: 105137900 | G19: 34.094764 | H19: =(E19-E18)/E18 -> -0.0025390052 | I19: =(G19-G18)/G18 -> -0.0025390012 | J19: =J18+(J18*I19) -> 103081.15 | L19: R Square | M19: 0.24650784
A20: 40386 | B20: 260.87 | C20: 264.8 | D20: 260.3 | E20: 264.08001 | F20: 146192900 | G20: 34.725954 | H20: =(E20-E19)/E19 -> 0.018512816 | I20: =(G20-G19)/G19 -> 0.018512813 | J20: =J19+(J19*I20) -> 104989.47 | L20: Adjusted R Square | M20: 0.24600851
A21: 40387 | B21: 263.66999 | C21: 265.99001 | D21: 260.24999 | E21: 260.95999 | F21: 129996300 | G21: 34.315678 | H21: =(E21-E20)/E20 -> -0.011814669 | I21: =(G21-G20)/G20 -> -0.011814679 | J21: =J20+(J20*I21) -> 103749.05 | L21: Standard Error | M21: 0.014341393
A22: 40388 | B22: 260.71 | C22: 262.64999 | D22: 256.09999 | E22: 258.10999 | F22: 160951700 | G22: 33.94091 | H22: =(E22-E21)/E21 -> -0.010921207 | I22: =(G22-G21)/G21 -> -0.010921189 | J22: =J21+(J21*I22) -> 102615.99 | L22: Observations | M22: 1511
A23: 40389 | B23: 255.89 | C23: 259.69999 | D23: 254.90001 | E23: 257.25 | F23: 112052500 | G23: 33.827822 | H23: =(E23-E22)/E22 -> -0.0033318857 | I23: =(G23-G22)/G22 -> -0.0033319083 | J23: =J22+(J22*I23) -> 102274.08
A24: 40392 | B24: 260.44001 | C24: 262.58999 | D24: 259.61999 | E24: 261.85 | F24: 107013900 | G24: 34.432712 | H24: =(E24-E23)/E23 -> 0.017881431 | I24: =(G24-G23)/G23 -> 0.017881435 | J24: =J23+(J23*I24) -> 104102.89 | L24: ANOVA
A25: 40393 | B25: 261.01001 | C25: 263.25999 | D25: 259.42001 | E25: 261.93 | F25: 104413400 | G25: 34.443232 | H25: =(E25-E24)/E24 -> 0.00030552607 | I25: =(G25-G24)/G24 -> 0.00030552342 | J25: =J24+(J24*I25) -> 104134.69 | M25: df | N25: SS | O25: MS | P25: F | Q25: Significance F
A26: 40394 | B26: 262.84001 | C26: 264.27999 | D26: 260.30999 | E26: 262.98001 | F26: 105093800 | G26: 34.581306 | H26: =(E26-E25)/E25 -> 0.0040087466 | I26: =(G26-G25)/G25 -> 0.0040087411 | J26: =J25+(J25*I26) -> 104552.14 | L26: Regression | M26: 1 | N26: 0.10153691 | O26: 0.10153691 | P26: 493.67511 | Q26: 7.4411992e-95
A27: 40395 | B27: 261.73 | C27: 263.17999 | D27: 260.55 | E27: 261.70001 | F27: 72274300 | G27: 34.412989 | H27: =(E27-E26)/E26 -> -0.0048673015 | I27: =(G27-G26)/G26 -> -0.0048672829 | J27: =J26+(J26*I27) -> 104043.26 | L27: Residual | M27: 1509 | N27: 0.31036443 | O27: 0.00020567557
A28: 40396 | B28: 259.77999 | C28: 261.48999 | D28: 257.63001 | E28: 260.09001 | F28: 111224400 | G28: 34.201278 | H28: =(E28-E27)/E27 -> -0.0061520671 | I28: =(G28-G27)/G27 -> -0.0061520666 | J28: =J27+(J27*I28) -> 103403.18 | L28: Total | M28: 1510 | N28: 0.41190134
A29: 40399 | B29: 261.48 | C29: 262.15001 | D29: 259.57 | E29: 261.75 | F29: 75782000 | G29: 34.419562 | H29: =(E29-E28)/E28 -> 0.0063823443 | I29: =(G29-G28)/G28 -> 0.0063823346 | J29: =J28+(J28*I29) -> 104063.13
A30: 40400 | B30: 259.85001 | C30: 260.44999 | D30: 257.55001 | E30: 259.41 | F30: 112980000 | G30: 34.111857 | H30: =(E30-E29)/E29 -> -0.0089398282 | I30: =(G30-G29)/G29 -> -0.008939829 | J30: =J29+(J29*I30) -> 103132.82 | M30: Coefficients | N30: Standard Error | O30: t Stat | P30: P-value | Q30: Lower 95% | R30: Upper 95% | S30: Lower 95.0% | T30: Upper 95.0%
A31: 40401 | B31: 255.4 | C31: 255.68999 | D31: 249.80999 | E31: 250.19 | F31: 155013600 | G31: 32.899447 | H31: =(E31-E30)/E30 -> -0.035542181 | I31: =(G31-G30)/G30 -> -0.035542187 | J31: =J30+(J30*I31) -> 99467.258 | L31: Intercept | M31: 0.00044039568 | N31: 0.00036937942 | O31: 1.1922583 | P31: 0.23334743 | Q31: -0.00028415583 | R31: 0.0011649472 | S31: -0.00028415583 | T31: 0.0011649472
A32: 40402 | B32: 246.69 | C32: 253.1 | D32: 246.12 | E32: 251.79001 | F32: 133730100 | G32: 33.109845 | H32: =(E32-E31)/E31 -> 0.0063951797 | I32: =(G32-G31)/G31 -> 0.0063951835 | J32: =J31+(J31*I32) -> 100103.37 | L32: X Variable 1 | M32: 0.90008643 | N32: 0.040510126 | O32: 22.218801 | P32: 7.4411992e-95 | Q32: 0.8206243 | R32: 0.97954855 | S32: 0.8206243 | T32: 0.97954855
A33: 40403 | B33: 251.65 | C33: 251.88 | D33: 249.09 | E33: 249.09999 | F33: 88717300 | G33: 32.756113 | H33: =(E33-E32)/E32 -> -0.010683593 | I33: =(G33-G32)/G32 -> -0.01068359 | J33: =J32+(J32*I33) -> 99033.906
A34: 40406 | B34: 247.58001 | C34: 250.01 | D34: 246.62001 | E34: 247.64001 | F34: 79607500 | G34: 32.564129 | H34: =(E34-E33)/E33 -> -0.00586102 | I34: =(G34-G33)/G33 -> -0.0058610129 | J34: =J33+(J33*I34) -> 98453.467
A35: 40407 | B35: 250.08001 | C35: 254.62999 | D35: 249.19999 | E35: 251.97001 | F35: 105660100 | G35: 33.133515 | H35: =(E35-E34)/E34 -> 0.017485083 | I35: =(G35-G34)/G34 -> 0.017485068 | J35: =J34+(J34*I35) -> 100174.93
A36: 40408 | B36: 252.36001 | C36: 254.66999 | D36: 251.57999 | E36: 253.07001 | F36: 84924000 | G36: 33.278163 | H36: =(E36-E35)/E35 -> 0.0043655909 | I36: =(G36-G35)/G35 -> 0.0043656099 | J36: =J35+(J35*I36) -> 100612.26
A37: 40409 | B37: 252.83999 | C37: 253.48001 | D37: 248.68 | E37: 249.88001 | F37: 106676500 | G37: 32.858684 | H37: =(E37-E36)/E36 -> -0.012605231 | I37: =(G37-G36)/G36 -> -0.012605233 | J37: =J36+(J36*I37) -> 99344.016
A38: 40410 | B38: 249.39001 | C38: 253.91999 | D38: 249.00001 | E38: 249.64 | F38: 96057500 | G38: 32.827124 | H38: =(E38-E37)/E37 -> -0.00096048501 | I38: =(G38-G37)/G37 -> -0.00096047669 | J38: =J37+(J37*I38) -> 99248.598
A39: 40413 | B39: 251.79001 | C39: 252 | D39: 245.24999 | E39: 245.79999 | F39: 103510400 | G39: 32.322171 | H39: =(E39-E38)/E38 -> -0.015382178 | I39: =(G39-G38)/G38 -> -0.015382188 | J39: =J38+(J38*I39) -> 97721.938
A40: 40414 | B40: 242.66999 | C40: 243.00001 | D40: 238.65 | E40: 239.93 | F40: 150641400 | G40: 31.55028 | H40: =(E40-E39)/E39 -> -0.023881156 | I40: =(G40-G39)/G39 -> -0.023881162 | J40: =J39+(J39*I40) -> 95388.224
A41: 40415 | B41: 238.04 | C41: 243.98999 | D41: 237.20001 | E41: 242.88999 | F41: 149216900 | G41: 31.939512 | H41: =(E41-E40)/E40 -> 0.012336881 | I41: =(G41-G40)/G40 -> 0.012336879 | J41: =J40+(J40*I41) -> 96565.017
A42: 40416 | B42: 245.45 | C42: 245.75 | D42: 240.28 | E42: 240.28 | F42: 116626300 | G42: 31.596304 | H42: =(E42-E41)/E41 -> -0.010745577 | I42: =(G42-G41)/G41 -> -0.010745562 | J42: =J41+(J41*I42) -> 95527.372
A43: 40417 | B43: 241.74999 | C43: 242.61001 | D43: 235.56 | E43: 241.62 | F43: 137097800 | G43: 31.772511 | H43: =(E43-E42)/E42 -> 0.0055768437 | I43: =(G43-G42)/G42 -> 0.0055768232 | J43: =J42+(J42*I43) -> 96060.111
A44: 40420 | B44: 240.76001 | C44: 245.75 | D44: 240.68001 | E44: 242.5 | F44: 95822300 | G44: 31.888228 | H44: =(E44-E43)/E43 -> 0.0036420536 | I44: =(G44-G43)/G43 -> 0.0036420477 | J44: =J43+(J43*I44) -> 96409.967
... A381: 40906 | B381: 403.39999 | C381: 405.65001 | D381: 400.51 | E381: 405.12001 | F381: 53994500 | G381: 53.27241 | H381: =(E381-E380)/E380 -> 0.0061593582 | I381: =(G381-G380)/G380 -> 0.0061593545 | J381: =J380+(J380*I381) -> 161062.3
A382: 40907 | B382: 403.51001 | C382: 406.28001 | D382: 403.49001 | E382: 405 | F382: 44915500 | G382: 53.25663 | H382: =(E382-E381)/E381 -> -0.00029621593 | I382: =(G382-G381)/G381 -> -0.00029621337 | J382: =J381+(J381*I382) -> 161014.59 | K382: 100000
A383: 40911 | B383: 409.4 | C383: 412.49999 | D383: 408.99999 | E383: 411.23 | F383: 75555200 | G383: 54.075861 | H383: =(E383-E382)/E382 -> 0.015382706 | I383: =(G383-G382)/G382 -> 0.015382704 | J383: =J382+(J382*I383) -> 163491.43 | K383: =K382+(K382*I383) -> 101538.27
A384: 40912 | B384: 410.00001 | C384: 414.68001 | D384: 409.27999 | E384: 413.44001 | F384: 65005500 | G384: 54.366473 | H384: =(E384-E383)/E383 -> 0.0053741459 | I384: =(G384-G383)/G383 -> 0.0053741539 | J384: =J383+(J383*I384) -> 164370.06 | K384: =K383+(K383*I384) -> 102083.95
A385: 40913 | B385: 414.95 | C385: 418.55001 | D385: 412.67001 | E385: 418.02999 | F385: 67817400 | G385: 54.970046 | H385: =(E385-E384)/E384 -> 0.011101937 | I385: =(G385-G384)/G384 -> 0.011101934 | J385: =J384+(J384*I385) -> 166194.88 | K385: =K384+(K384*I385) -> 103217.28
A386: 40914 | B386: 419.77001 | C386: 422.75 | D386: 419.22001 | E386: 422.4 | F386: 79573200 | G386: 55.544693 | H386: =(E386-E385)/E385 -> 0.010453812 | I386: =(G386-G385)/G385 -> 0.010453821 | J386: =J385+(J385*I386) -> 167932.25 | K386: =K385+(K385*I386) -> 104296.3
A387: 40917 | B387: 425.49999 | C387: 427.75 | D387: 421.34999 | E387: 421.73 | F387: 98506100 | G387: 55.456589 | H387: =(E387-E386)/E386 -> -0.001586179 | I387: =(G387-G386)/G386 -> -0.0015861821 | J387: =J386+(J386*I387) -> 167665.88 | K387: =K386+(K386*I387) -> 104130.86
A388: 40918 | B388: 425.90999 | C388: 426 | D388: 421.50001 | E388: 423.23999 | F388: 64549100 | G388: 55.65515 | H388: =(E388-E387)/E387 -> 0.0035804757 | I388: =(G388-G387)/G387 -> 0.0035804763 | J388: =J387+(J387*I388) -> 168266.21 | K388: =K387+(K387*I388) -> 104503.7
A389: 40919 | B389: 422.68001 | C389: 422.85 | D389: 419.31 | E389: 422.54999 | F389: 53771200 | G389: 55.564416 | H389: =(E389-E388)/E388 -> -0.0016302854 | I389: =(G389-G388)/G388 -> -0.0016302894 | J389: =J388+(J388*I389) -> 167991.88 | K389: =K388+(K388*I389) -> 104333.33
A390: 40920 | B390: 422.28 | C390: 422.90001 | D390: 418.75001 | E390: 421.38999 | F390: 53146800 | G390: 55.411879 | H390: =(E390-E389)/E389 -> -0.0027452373 | I390: =(G390-G389)/G389 -> -0.0027452282 | J390: =J389+(J389*I390) -> 167530.71 | K390: =K389+(K389*I390) -> 104046.91
A391: 40921 | B391: 419.69999 | C391: 420.45 | D391: 418.66 | E391: 419.81001 | F391: 56505400 | G391: 55.204114 | H391: =(E391-E390)/E390 -> -0.0037494554 | I391: =(G391-G390)/G390 -> -0.0037494668 | J391: =J390+(J390*I391) -> 166902.56 | K391: =K390+(K390*I391) -> 103656.79
A392: 40925 | B392: 424.19999 | C392: 425.98999 | D392: 422.95999 | E392: 424.7 | F392: 60724300 | G392: 55.847138 | H392: =(E392-E391)/E391 -> 0.011648107 | I392: =(G392-G391)/G391 -> 0.011648117 | J392: =J391+(J391*I392) -> 168846.66 | K392: =K391+(K391*I392) -> 104864.2
A393: 40926 | B393: 426.96 | C393: 429.46999 | D393: 426.30001 | E393: 429.11001 | F393: 69197800 | G393: 56.427044 | H393: =(E393-E392)/E392 -> 0.010383817 | I393: =(G393-G392)/G392 -> 0.010383809 | J393: =J392+(J392*I393) -> 170599.93 | K393: =K392+(K392*I393) -> 105953.09
A394: 40927 | B394: 430.15001 | C394: 431.37001 | D394: 426.51 | E394: 427.75 | F394: 65434600 | G394: 56.248206 | H394: =(E394-E393)/E393 -> -0.0031693598 | I394: =(G394-G393)/G393 -> -0.0031693668 | J394: =J393+(J393*I394) -> 170059.24 | K394: =K393+(K393*I394) -> 105617.28
... A1513: 42551 | B1513: 94.440002 | C1513: 95.769997 | D1513: 94.300003 | E1513: 95.599998 | F1513: 35836400 | G1513: 95.599998 | H1513: =(E1513-E1512)/E1512 -> 0.012711822 | I1513: =(G1513-G1512)/G1512 -> 0.012711822 | J1513: =J1512+(J1512*I1513) -> 289034.33 | K1513: =K1512+(K1512*I1513) -> 179508.16

Sheet msft+wfc
M1: min var | N1: 0.55335037 | O1: 0.00017240469
B2: msft starting at 0% | D2: mean | E2: var | F2: sd | J2: Percent of msft | K2: 0.68113355 | M2: max sharpe | N2: 0.68113355 | O2: 0.053344594
C3: 0 | D3: =AVERAGE('msft+wfc_'!S3:S1513) -> 0.00062554756 | E3: =_xlfn.VAR.S('msft+wfc_'!S3:S1513) -> 0.00024479745 | F3: =_xlfn.STDEV.S('msft+wfc_'!S3:S1513) -> 0.015646004
C4: 0.05 | D4: =AVERAGE('msft+wfc_'!T3:T1513) -> 0.00063161695 | E4: =_xlfn.VAR.S('msft+wfc_'!T3:T1513) -> 0.00023230589 | F4: =_xlfn.STDEV.S('msft+wfc_'!T3:T1513) -> 0.015241584
C5: 0.1 | D5: =AVERAGE('msft+wfc_'!U3:U1513) -> 0.00063768635 | E5: =_xlfn.VAR.S('msft+wfc_'!U3:U1513) -> 0.00022099645 | F5: =_xlfn.STDEV.S('msft+wfc_'!U3:U1513) -> 0.01486595
C6: 0.15 | D6: =AVERAGE('msft+wfc_'!V3:V1513) -> 0.00064375575 | E6: =_xlfn.VAR.S('msft+wfc_'!V3:V1513) -> 0.00021086915 | F6: =_xlfn.STDEV.S('msft+wfc_'!V3:V1513) -> 0.014521334 | J6: mean | K6: =AVERAGE('msft+wfc_'!AN3:AN1513) -> 0.00070822895
C7: 0.2 | D7: =AVERAGE('msft+wfc_'!W3:W1513) -> 0.00064982514 | E7: =_xlfn.VAR.S('msft+wfc_'!W3:W1513) -> 0.00020192397 | F7: =_xlfn.STDEV.S('msft+wfc_'!W3:W1513) -> 0.014209996 | J7: var | K7: =_xlfn.VAR.S('msft+wfc_'!AN3:AN1513) -> 0.00017626518
C8: 0.25 | D8: =AVERAGE('msft+wfc_'!X3:X1513) -> 0.00065589454 | E8: =_xlfn.VAR.S('msft+wfc_'!X3:X1513) -> 0.00019416093 | F8: =_xlfn.STDEV.S('msft+wfc_'!X3:X1513) -> 0.013934164 | J8: sd | K8: =_xlfn.STDEV.S('msft+wfc_'!AN3:AN1513) -> 0.01327649
C9: 0.3 | D9: =AVERAGE('msft+wfc_'!Y3:Y1513) -> 0.00066196394 | E9: =_xlfn.VAR.S('msft+wfc_'!Y3:Y1513) -> 0.00018758001 | F9: =_xlfn.STDEV.S('msft+wfc_'!Y3:Y1513) -> 0.013695985 | J9: sharpe | K9: =K6/K8 -> 0.053344594
C10: 0.35 | D10: =AVERAGE('msft+wfc_'!Z3:Z1513) -> 0.00066803333 | E10: =_xlfn.VAR.S('msft+wfc_'!Z3:Z1513) -> 0.00018218122 | F10: =_xlfn.STDEV.S('msft+wfc_'!Z3:Z1513) -> 0.013497452
C11: 0.4 | D11: =AVERAGE('msft+wfc_'!AA3:AA1513) -> 0.00067410273 | E11: =_xlfn.VAR.S('msft+wfc_'!AA3:AA1513) -> 0.00017796456 | F11: =_xlfn.STDEV.S('msft+wfc_'!AA3:AA1513) -> 0.013340336
C12: 0.45 | D12: =AVERAGE('msft+wfc_'!AB3:AB1513) -> 0.00068017213 | E12: =_xlfn.VAR.S('msft+wfc_'!AB3:AB1513) -> 0.00017493002 | F12: =_xlfn.STDEV.S('msft+wfc_'!AB3:AB1513) -> 0.013226111
C13: 0.5 | D13: =AVERAGE('msft+wfc_'!AC3:AC1513) -> 0.00068624152 | E13: =_xlfn.VAR.S('msft+wfc_'!AC3:AC1513) -> 0.00017307762 | F13: =_xlfn.STDEV.S('msft+wfc_'!AC3:AC1513) -> 0.013155897
C14: 0.55 | D14: =AVERAGE('msft+wfc_'!AD3:AD1513) -> 0.00069231092 | E14: =_xlfn.VAR.S('msft+wfc_'!AD3:AD1513) -> 0.00017240734 | F14: =_xlfn.STDEV.S('msft+wfc_'!AD3:AD1513) -> 0.013130398
C15: 0.6 | D15: =AVERAGE('msft+wfc_'!AE3:AE1513) -> 0.00069838032 | E15: =_xlfn.VAR.S('msft+wfc_'!AE3:AE1513) -> 0.0001729192 | F15: =_xlfn.STDEV.S('msft+wfc_'!AE3:AE1513) -> 0.013149874
C16: 0.65 | D16: =AVERAGE('msft+wfc_'!AF3:AF1513) -> 0.00070444971 | E16: =_xlfn.VAR.S('msft+wfc_'!AF3:AF1513) -> 0.00017461318 | F16: =_xlfn.STDEV.S('msft+wfc_'!AF3:AF1513) -> 0.013214128
C17: 0.7 | D17: =AVERAGE('msft+wfc_'!AG3:AG1513) -> 0.00071051911 | E17: =_xlfn.VAR.S('msft+wfc_'!AG3:AG1513) -> 0.00017748929 | F17: =_xlfn.STDEV.S('msft+wfc_'!AG3:AG1513) -> 0.013322511
C18: 0.75 | D18: =AVERAGE('msft+wfc_'!AH3:AH1513) -> 0.00071658851 | E18: =_xlfn.VAR.S('msft+wfc_'!AH3:AH1513) -> 0.00018154753 | F18: =_xlfn.STDEV.S('msft+wfc_'!AH3:AH1513) -> 0.013473957
C19: 0.8 | D19: =AVERAGE('msft+wfc_'!AI3:AI1513) -> 0.0007226579 | E19: =_xlfn.VAR.S('msft+wfc_'!AI3:AI1513) -> 0.00018678789 | F19: =_xlfn.STDEV.S('msft+wfc_'!AI3:AI1513) -> 0.013667037
C20: 0.85 | D20: =AVERAGE('msft+wfc_'!AJ3:AJ1513) -> 0.0007287273 | E20: =_xlfn.VAR.S('msft+wfc_'!AJ3:AJ1513) -> 0.00019321039 | F20: =_xlfn.STDEV.S('msft+wfc_'!AJ3:AJ1513) -> 0.013900014
C21: 0.9 | D21: =AVERAGE('msft+wfc_'!AK3:AK1513) -> 0.0007347967 | E21: =_xlfn.VAR.S('msft+wfc_'!AK3:AK1513) -> 0.00020081501 | F21: =_xlfn.STDEV.S('msft+wfc_'!AK3:AK1513) -> 0.014170921
C22: 0.95 | D22: =AVERAGE('msft+wfc_'!AL3:AL1513) -> 0.00074086609 | E22: =_xlfn.VAR.S('msft+wfc_'!AL3:AL1513) -> 0.00020960176 | F22: =_xlfn.STDEV.S('msft+wfc_'!AL3:AL1513) -> 0.01447763
C23: 1 | D23: =AVERAGE('msft+wfc_'!AM3:AM1513) -> 0.00074693549 | E23: =_xlfn.VAR.S('msft+wfc_'!AM3:AM1513) -> 0.00021957065 | F23: =_xlfn.STDEV.S('msft+wfc_'!AM3:AM1513) -> 0.014817916
B27: AVERAGE('msft+wfc'!S3:S1513)
B28: AVERAGE('msft+wfc'!T3:T1513)
B29: AVERAGE('msft+wfc'!U3:U1513)
B30: AVERAGE('msft+wfc'!V3:V1513)
B31: AVERAGE('msft+wfc'!W3:W1513)
B32: AVERAGE('msft+wfc'!X3:X1513)
B33: AVERAGE('msft+wfc'!Y3:Y1513)
B34: AVERAGE('msft+wfc'!Z3:Z1513)
B35: AVERAGE('msft+wfc'!AA3:AA1513)
B36: AVERAGE('msft+wfc'!AB3:AB1513)
B37: AVERAGE('msft+wfc'!AC3:AC1513)
B38: AVERAGE('msft+wfc'!AD3:AD1513)
... B47: AVERAGE('msft+wfc'!AM3:AM1513)

Sheet xom
A1: Date | B1: Open | C1: High | D1: Low | E1: Close | F1: Volume | G1: Adj Close | H1: Close Return | I1: Adj Close Return
A2: 40359 | B2: 57.330002 | C2: 57.73 | D2: 56.919998 | E2: 57.07 | F2: 43944900 | G2: 48.248732
A3: 40360 | B3: 56.98 | C3: 57.27 | D3: 56.169998 | E3: 56.610001 | F3: 47746400 | G3: 47.859834 | H3: =(E3-E2)/E2 -> -0.0080602593 | I3: =(G3-G2)/G2 -> -0.008060274 | K3: Column1 | N3: Column1
A4: 40361 | B4: 56.849998 | C4: 56.990002 | D4: 55.939999 | E4: 56.57 | F4: 32767900 | G4: 47.826016 | H4: =(E4-E3)/E3 -> -0.00070660659 | I4: =(G4-G3)/G3 -> -0.00070660504
A5: 40365 | B5: 57.169998 | C5: 57.59 | D5: 56.77 | E5: 57.459999 | F5: 36912100 | G5: 48.578449 | H5: =(E5-E4)/E4 -> 0.015732703 | I5: =(G5-G4)/G4 -> 0.015732713 | K5: Mean | L5: 0.00040131664 | N5: Mean | O5: 0.00051131218
A6: 40366 | B6: 57.369999 | C6: 58.450001 | D6: 57.259998 | E6: 58.43 | F6: 41797200 | G6: 49.398518 | H6: =(E6-E5)/E5 -> 0.016881326 | I6: =(G6-G5)/G5 -> 0.016881334 | K6: Standard Error | L6: 0.0003105489 | N6: Standard Error | O6: 0.00030809034
A7: 40367 | B7: 59.130001 | C7: 59.200001 | D7: 58.130001 | E7: 58.810001 | F7: 40430300 | G7: 49.719782 | H7: =(E7-E6)/E6 -> 0.0065035256 | I7: =(G7-G6)/G6 -> 0.0065035149 | K7: Median | L7: 0.00021037965 | N7: Median | O7: 0.00022706455
A8: 40368 | B8: 58.759998 | C8: 59.009998 | D8: 58.299999 | E8: 58.779999 | F8: 25976500 | G8: 49.694417 | H8: =(E8-E7)/E7 -> -0.00051015133 | I8: =(G8-G7)/G7 -> -0.00051015912 | K8: Mode | L8: 0 | N8: Mode | O8: 0
A9: 40371 | B9: 58.290001 | C9: 58.939999 | D9: 58.200001 | E9: 58.939999 | F9: 23515000 | G9: 49.829686 | H9: =(E9-E8)/E8 -> 0.0027220143 | I9: =(G9-G8)/G8 -> 0.002722016 | K9: Standard Deviation | L9: 0.012071527 | N9: Standard Deviation | O9: 0.011975959
A10: 40372 | B10: 59.599998 | C10: 59.720001 | D10: 59.040001 | E10: 59.419998 | F10: 30514200 | G10: 50.235493 | H10: =(E10-E9)/E9 -> 0.0081438583 | I10: =(G10-G9)/G9 -> 0.0081438803 | K10: Sample Variance | L10: 0.00014572178 | N10: Sample Variance | O10: 0.0001434236
A11: 40373 | B11: 59.220001 | C11: 59.34 | D11: 58.619999 | E11: 59.259998 | F11: 26061100 | G11: 50.100224 | H11: =(E11-E10)/E10 -> -0.0026926962 | I11: =(G11-G10)/G10 -> -0.0026926978 | K11: Kurtosis | L11: 2.8064995 | N11: Kurtosis | O11: 2.8139857
A12: 40374 | B12: 59.360001 | C12: 59.490002 | D12: 58.59 | E12: 59.27 | F12: 24737300 | G12: 50.10868 | H12: =(E12-E11)/E11 -> 0.00016878165 | I12: =(G12-G11)/G11 -> 0.00016878168 | K12: Skewness | L12: -0.048942105 | N12: Skewness | O12: -0.023904715
A13: 40375 | B13: 58.84 | C13: 59.110001 | D13: 57.810001 | E13: 57.959999 | F13: 35805700 | G13: 49.001164 | H13: =(E13-E12)/E12 -> -0.022102261 | I13: =(G13-G12)/G12 -> -0.022102278 | K13: Range | L13: 0.1170412 | N13: Range | O13: 0.1170412
A14: 40378 | B14: 58.330002 | C14: 58.740002 | D14: 58.099998 | E14: 58.43 | F14: 20960000 | G14: 49.398518 | H14: =(E14-E13)/E13 -> 0.0081090581 | I14: =(G14-G13)/G13 -> 0.0081090727 | K14: Minimum | L14: -0.061881823 | N14: Minimum | O14: -0.06188182
A15: 40379 | B15: 57.68 | C15: 58.990002 | D15: 57.669998 | E15: 58.950001 | F15: 23807300 | G15: 49.838142 | H15: =(E15-E14)/E14 -> 0.008899555 | I15: =(G15-G14)/G14 -> 0.0088995382 | K15: Maximum | L15: 0.055159381 | N15: Maximum | O15: 0.055159376
A16: 40380 | B16: 59.130001 | C16: 59.130001 | D16: 57.599998 | E16: 58.169998 | F16: 26859700 | G16: 49.178704 | H16: =(E16-E15)/E15 -> -0.013231603 | I16: =(G16-G15)/G15 -> -0.013231593 | K16: Sum | L16: 0.60638944 | N16: Sum | O16: 0.7725927
... A18: 40382 | B18: 59.259998 | C18: 59.810001 | D18: 58.799999 | E18: 59.720001 | F18: 19281400 | G18: 50.489124 | H18: =(E18-E17)/E17 -> 0.0057258335 | I18: =(G18-G17)/G17 -> 0.0057258245 | K18: Confidence Level(95.0%) | L18: 0.00060915293 | N18: Confidence Level(95.0%) | O18: 0.00060433037
A19: 40385 | B19: 59.700001 | C19: 60.439999 | D19: 59.630001 | E19: 60.389999 | F19: 20236500 | G19: 51.055561 | H19: =(E19-E18)/E18 -> 0.011218988 | I19: =(G19-G18)/G18 -> 0.01121899
A20: 40386 | B20: 60.619999 | C20: 60.900002 | D20: 60.389999 | E20: 60.810001 | F20: 22400800 | G20: 51.410644 | H20: =(E20-E19)/E19 -> 0.0069548271 | I20: =(G20-G19)/G19 -> 0.0069548349 | K20: Sharp Ratio | L20: =L5/L9 -> 0.033244893 | N20: Sharp Ratio | O20: =O5/O9 -> 0.042694883
A21: 40387 | B21: 60.73 | C21: 61.27 | D21: 60.73 | E21: 60.91 | F21: 23511100 | G21: 51.495186 | H21: =(E21-E20)/E20 -> 0.0016444499 | I21: =(G21-G20)/G20 -> 0.0016444455
A22: 40388 | B22: 61.419998 | C22: 61.880001 | D22: 60.290001 | E22: 60.34 | F22: 33763000 | G22: 51.01329 | H22: =(E22-E21)/E21 -> -0.0093580693 | I22: =(G22-G21)/G21 -> -0.0093580786
A23: 40389 | B23: 60.150002 | C23: 60.509998 | D23: 59.599998 | E23: 59.68 | F23: 29354600 | G23: 50.455306 | H23: =(E23-E22)/E22 -> -0.010938018 | I23: =(G23-G22)/G22 -> -0.010938012 | M23: =_xlfn.CONFIDENCE.NORM(0.05,O9,O17) -> 0.00060384596
A24: 40392 | B24: 60.639999 | C24: 62.040001 | D24: 60.610001 | E24: 61.939999 | F24: 28144000 | G24: 52.365978 | H24: =(E24-E23)/E23 -> 0.037868616 | I24: =(G24-G23)/G23 -> 0.037868604
A25: 40393 | B25: 61.98 | C25: 62.990002 | D25: 61.880001 | E25: 62.720001 | F25: 31075800 | G25: 53.025417 | H25: =(E25-E24)/E24 -> 0.012592864 | I25: =(G25-G24)/G24 -> 0.01259289
A26: 40394 | B26: 62.860001 | C26: 62.889999 | D26: 62.27 | E26: 62.720001 | F26: 21033800 | G26: 53.025417 | H26: =(E26-E25)/E25 -> 0 | I26: =(G26-G25)/G25 -> 0
A27: 40395 | B27: 62.279999 | C27: 62.709999 | D27: 61.849998 | E27: 62.709999 | F27: 19985300 | G27: 53.01696 | H27: =(E27-E26)/E26 -> -0.00015947066 | I27: =(G27-G26)/G26 -> -0.00015948955
A28: 40396 | B28: 61.919998 | C28: 62.5 | D28: 61.25 | E28: 61.970001 | F28: 23097300 | G28: 52.391343 | H28: =(E28-E27)/E27 -> -0.011800319 | I28: =(G28-G27)/G27 -> -0.011800318
A29: 40399 | B29: 62.560001 | C29: 62.669998 | D29: 62.18 | E29: 62.450001 | F29: 14731300 | G29: 52.79715 | H29: =(E29-E28)/E28 -> 0.0077456833 | I29: =(G29-G28)/G28 -> 0.0077456881
A30: 40400 | B30: 61.849998 | C30: 62.169998 | D30: 61.450001 | E30: 61.93 | F30: 23188500 | G30: 52.357525 | H30: =(E30-E29)/E29 -> -0.0083266772 | I30: =(G30-G29)/G29 -> -0.0083266805 | K30: SUMMARY OUTPUT
A31: 40401 | B31: 60.549999 | C31: 60.66 | D31: 60.200001 | E31: 60.389999 | F31: 24281300 | G31: 51.420899 | H31: =(E31-E30)/E30 -> -0.024866801 | I31: =(G31-G30)/G30 -> -0.017889043
A32: 40402 | B32: 59.700001 | C32: 60.560001 | D32: 59.560001 | E32: 60.23 | F32: 16951300 | G32: 51.284662 | H32: =(E32-E31)/E31 -> -0.0026494288 | I32: =(G32-G31)/G31 -> -0.002649448 | K32: Regression Statistics
A33: 40403 | B33: 59.959999 | C33: 60.450001 | D33: 59.799999 | E33: 59.91 | F33: 14651300 | G33: 51.012189 | H33: =(E33-E32)/E32 -> -0.005312967 | I33: =(G33-G32)/G32 -> -0.005312953 | K33: Multiple R | L33: 0.77224512
A34: 40406 | B34: 59.599998 | C34: 60.25 | D34: 59.25 | E34: 59.880001 | F34: 14301100 | G34: 50.986645 | H34: =(E34-E33)/E33 -> -0.00050073443 | I34: =(G34-G33)/G33 -> -0.00050074307 | K34: R Square | L34: 0.59636252
A35: 40407 | B35: 60.490002 | C35: 61.16 | D35: 60.139999 | E35: 60.82 | F35: 20122200 | G35: 51.787036 | H35: =(E35-E34)/E34 -> 0.015698046 | I35: =(G35-G34)/G34 -> 0.015698052 | K35: Adjusted R Square | L35: 0.59609504
A36: 40408 | B36: 60.669998 | C36: 60.720001 | D36: 59.630001 | E36: 60.150002 | F36: 20071500 | G36: 51.216545 | H36: =(E36-E35)/E35 -> -0.01101608 | I36: =(G36-G35)/G35 -> -0.011016097 | K36: Standard Error | L36: 0.0076111434
A37: 40409 | B37: 59.93 | C37: 60.060001 | D37: 58.900002 | E37: 59.290001 | F37: 21174500 | G37: 50.484272 | H37: =(E37-E36)/E36 -> -0.014297606 | I37: =(G37-G36)/G36 -> -0.014297587 | K37: Observations | L37: 1511
A38: 40410 | B38: 59.02 | C38: 59.07 | D38: 58.549999 | E38: 58.889999 | F38: 21008800 | G38: 50.143678 | H38: =(E38-E37)/E37 -> -0.0067465339 | I38: =(G38-G37)/G37 -> -0.0067465368
A39: 40413 | B39: 58.970001 | C39: 60.049999 | D39: 58.900002 | E39: 59.5 | F39: 21337700 | G39: 50.663082 | H39: =(E39-E38)/E38 -> 0.010358312 | I39: =(G39-G38)/G38 -> 0.010358315 | K39: ANOVA
A40: 40414 | B40: 58.959999 | C40: 59.450001 | D40: 58.790001 | E40: 58.939999 | F40: 25679100 | G40: 50.186252 | H40: =(E40-E39)/E39 -> -0.0094117815 | I40: =(G40-G39)/G39 -> -0.0094117843 | L40: df | M40: SS | N40: MS | O40: F | P40: Significance F
A41: 40415 | B41: 58.689999 | C41: 59.400002 | D41: 58.419998 | E41: 58.91 | F41: 20944000 | G41: 50.160708 | H41: =(E41-E40)/E40 -> -0.00050897524 | I41: =(G41-G40)/G40 -> -0.00050898401 | K41: Regression | L41: 1 | M41: 0.12915401 | N41: 0.12915401 | O41: 2229.5032 | P41: 1.3968412e-299
A42: 40416 | B42: 59.360001 | C42: 59.5 | D42: 58.330002 | E42: 58.48 | F42: 22320900 | G42: 49.794571 | H42: =(E42-E41)/E41 -> -0.0072992701 | I42: =(G42-G41)/G41 -> -0.0072992789 | K42: Residual | L42: 1509 | M42: 0.087415621 | N42: 5.7929504e-05
A43: 40417 | B43: 58.720001 | C43: 59.959999 | D43: 58.049999 | E43: 59.799999 | F43: 28279500 | G43: 50.918525 | H43: =(E43-E42)/E42 -> 0.022571802 | I43: =(G43-G42)/G42 -> 0.022571818 | K43: Total | L43: 1510 | M43: 0.21656964
A44: 40420 | B44: 59.560001 | C44: 59.900002 | D44: 58.959999 | E44: 59 | F44: 16265100 | G44: 50.237342 | H44: =(E44-E43)/E43 -> -0.01337791 | I44: =(G44-G43)/G43 -> -0.013377901
A45: 40421 | B45: 58.75 | C45: 59.540001 | D45: 58.5 | E45: 59.110001 | F45: 26985400 | G45: 50.331005 | H45: =(E45-E44)/E44 -> 0.0018644237 | I45: =(G45-G44)/G44 -> 0.0018644099 | L45: Coefficients | M45: Standard Error | N45: t Stat | O45: P-value | P45: Lower 95% | Q45: Upper 95% | R45: Lower 95.0% | S45: Upper 95.0%
A46: 40422 | B46: 60.040001 | C46: 60.959999 | D46: 59.720001 | E46: 60.91 | F46: 26286200 | G46: 51.863669 | H46: =(E46-E45)/E45 -> 0.030451683 | I46: =(G46-G45)/G45 -> 0.030451687 | K46: Intercept | L46: 6.1424473e-05 | M46: 0.00019603393 | N46: 0.31333592 | O46: 0.75406876 | P46: -0.0003231034 | Q46: 0.00044595234 | R46: -0.0003231034 | S46: 0.00044595234
A47: 40423 | B47: 60.490002 | C47: 61.060001 | D47: 60.369999 | E47: 61.060001 | F47: 18662600 | G47: 51.991392 | H47: =(E47-E46)/E46 -> 0.0024626662 | I47: =(G47-G46)/G46 -> 0.002462668 | K47: X Variable 1 | L47: 1.0151406 | M47: 0.021499193 | N47: 47.217615 | O47: 1.3968412e-299 | P47: 0.97296914 | Q47: 1.0573121 | R47: 0.97296914 | S47: 1.0573121
A48: 40424 | B48: 61.200001 | C48: 61.599998 | D48: 60.75 | E48: 61.32 | F48: 21982900 | G48: 52.212776 | H48: =(E48-E47)/E47 -> 0.0042580903 | I48: =(G48-G47)/G47 -> 0.0042580895
A49: 40428 | B49: 60.889999 | C49: 61.07 | D49: 60.450001 | E49: 60.549999 | F49: 19435700 | G49: 51.557135 | H49: =(E49-E48)/E48 -> -0.012557094 | I49: =(G49-G48)/G48 -> -0.012557099
A50: 40429 | B50: 60.66 | C50: 61.259998 | D50: 60.630001 | E50: 60.75 | F50: 17380600 | G50: 51.727432 | H50: =(E50-E49)/E49 -> 0.0033030719 | I50: =(G50-G49)/G49 -> 0.0033030734
A51: 40430 | B51: 61.5 | C51: 61.59 | D51: 60.91 | E51: 61.049999 | F51: 16525200 | G51: 51.982876 | H51: =(E51-E50)/E50 -> 0.0049382551 | I51: =(G51-G50)/G50 -> 0.0049382695
A52: 40431 | B52: 61.380001 | C52: 61.48 | D52: 60.950001 | E52: 61.200001 | F52: 14488400 | G52: 52.110599 | H52: =(E52-E51)/E51 -> 0.0024570353 | I52: =(G52-G51)/G51 -> 0.0024570207
A53: 40434 | B53: 61.389999 | C53: 61.52 | D53: 60.540001 | E53: 61 | F53: 23141800 | G53: 51.940302 | H53: =(E53-E52)/E52 -> -0.0032679901 | I53: =(G53-G52)/G52 -> -0.0032679916
A54: 40435 | B54: 60.84 | C54: 61.34 | D54: 60.75 | E54: 61.009998 | F54: 17977500 | G54: 51.948816 | H54: =(E54-E53)/E53 -> 0.00016390164 | I54: =(G54-G53)/G53 -> 0.00016391895
A55: 40436 | B55: 60.759998 | C55: 61.029999 | D55: 60.360001 | E55: 61 | F55: 18769900 | G55: 51.940302 | H55: =(E55-E54)/E54 -> -0.00016387478 | I55: =(G55-G54)/G54 -> -0.00016389209
A56: 40437 | B56: 60.849998 | C56: 60.990002 | D56: 60.450001 | E56: 60.970001 | F56: 16432500 | G56: 51.914759 | H56: =(E56-E55)/E55 -> -0.00049178689 | I56: =(G56-G55)/G55 -> -0.00049177612
A57: 40438 | B57: 61.189999 | C57: 61.299999 | D57: 60.630001 | E57: 60.779999 | F57: 26447200 | G57: 51.752976 | H57: =(E57-E56)/E56 -> -0.0031163195 | I57: =(G57-G56)/G56 -> -0.00311632
A58: 40441 | B58: 61.040001 | C58: 61.82 | D58: 60.950001 | E58: 61.549999 | F58: 21788100 | G58: 52.408616 | H58: =(E58-E57)/E57 -> 0.012668641 | I58: =(G58-G57)/G57 -> 0.012668643
A59: 40442 | B59: 61.650002 | C59: 61.900002 | D59: 61.25 | E59: 61.540001 | F59: 20525200 | G59: 52.400102 | H59: =(E59-E58)/E58 -> -0.00016243705 | I59: =(G59-G58)/G58 -> -0.0001624542
... A1513: 42551 | B1513: 92.330002 | C1513: 93.830002 | D1513: 92.300003 | E1513: 93.739998 | F1513: 14073700 | G1513: 93.739998 | H1513: =(E1513-E1512)/E1512 -> 0.013843814 | I1513: =(G1513-G1512)/G1512 -> 0.013843814

Sheet wfc
A1: Date | B1: Open | C1: High | D1: Low | E1: Close | F1: Volume | G1: Adj Close | H1: Close Return | I1: Adj Close Return
A2: 40359 | B2: 26.049999 | C2: 26.450001 | D2: 25.52 | E2: 25.6 | F2: 37501000 | G2: 22.132058 | L2: Close Return | M2: Adj Close Return
A3: 40360 | B3: 25.540001 | C3: 25.940001 | D3: 24.6 | E3: 25.18 | F3: 58947800 | G3: 21.768953 | H3: =(E3-E2)/E2 -> -0.01640625 | I3: =(G3-G2)/G2 -> -0.016406292 | K3: Mean | L3: =AVERAGE(H3:H1513) -> 0.00052966545 | M3: =AVERAGE(I3:I1513) -> 0.00062554756
A4: 40361 | B4: 25.4 | C4: 25.68 | D4: 24.76 | E4: 24.879999 | F4: 32231100 | G4: 21.509592 | H4: =(E4-E3)/E3 -> -0.011914257 | I4: =(G4-G3)/G3 -> -0.011914262 | K4: Median | L4: =MEDIAN(H3:H1513) -> 0.00023135122 | M4: =MEDIAN(I3:I1513) -> 0.00029576343
A5: 40365 | B5: 25.459999 | C5: 25.639999 | D5: 24.790001 | E5: 25.15 | F5: 37248300 | G5: 21.743017 | H5: =(E5-E4)/E4 -> 0.010852131 | I5: =(G5-G4)/G4 -> 0.010852135 | K5: Min | L5: =MIN(H3:H1513) -> -0.090440265 | M5: =MIN(I3:I1513) -> -0.090440273
A6: 40366 | B6: 25.280001 | C6: 26.73 | D6: 25.139999 | E6: 26.66 | F6: 48830500 | G6: 23.048463 | H6: =(E6-E5)/E5 -> 0.060039761 | I6: =(G6-G5)/G5 -> 0.060039782 | K6: Max | L6: =MAX(H3:H1513) -> 0.080680375 | M6: =MAX(I3:I1513) -> 0.080680352
A7: 40367 | B7: 27.059999 | C7: 27.059999 | D7: 26.1 | E7: 26.639999 | F7: 38228800 | G7: 23.031171 | H7: =(E7-E6)/E6 -> -0.00075022506 | I7: =(G7-G6)/G6 -> -0.00075024525 | K7: Var | L7: =_xlfn.VAR.S(H3:H1513) -> 0.00024577694 | M7: =_xlfn.VAR.S(I3:I1513) -> 0.00024479745
A8: 40368 | B8: 26.5 | C8: 27.040001 | D8: 26.4 | E8: 27 | F8: 24905000 | G8: 23.342404 | H8: =(E8-E7)/E7 -> 0.013513552 | I8: =(G8-G7)/G7 -> 0.013513555 | K8: SD | L8: =_xlfn.STDEV.S(H3:H1513) -> 0.015677275 | M8: =_xlfn.STDEV.S(I3:I1513) -> 0.015646004
A9: 40371 | B9: 26.93 | C9: 27.129999 | D9: 26.559999 | E9: 27.059999 | F9: 18761700 | G9: 23.394276 | H9: =(E9-E8)/E8 -> 0.0022221852 | I9: =(G9-G8)/G8 -> 0.0022222218 | K9: Sharpe Ratio | L9: =L3/L8 -> 0.033785557 | M9: =M3/M8 -> 0.039981298
A10: 40372 | B10: 27.370001 | C10: 28.08 | D10: 27.32 | E10: 27.940001 | F10: 31658500 | G10: 24.155066 | H10: =(E10-E9)/E9 -> 0.0325204 | I10: =(G10-G9)/G9 -> 0.032520348 | K10: Count | M10: =COUNT(I3:I1513) -> 1511
A11: 40373 | B11: 27.700001 | C11: 27.780001 | D11: 27.25 | E11: 27.66 | F11: 31305800 | G11: 23.912996 | H11: =(E11-E10)/E10 -> -0.01002151 | I11: =(G11-G10)/G10 -> -0.0100215 | K11: Conf Interv | M11: =_xlfn.CONFIDENCE.NORM(0.05,M8,M10) -> 0.00078889518
A12: 40374 | B12: 27.85 | C12: 28.16 | D12: 27.02 | E12: 27.809999 | F12: 48127100 | G12: 24.042676 | H12: =(E12-E11)/E11 -> 0.0054229573 | I12: =(G12-G11)/G11 -> 0.0054229926
A13: 40375 | B13: 27.440001 | C13: 27.469999 | D13: 26.16 | E13: 26.24 | F13: 55456400 | G13: 22.685358 | H13: =(E13-E12)/E12 -> -0.056454479 | I13: =(G13-G12)/G12 -> -0.056454531
A14: 40378 | B14: 26.27 | C14: 26.4 | D14: 25.620001 | E14: 26.02 | F14: 34667100 | G14: 22.495162 | H14: =(E14-E13)/E13 -> -0.0083841463 | I14: =(G14-G13)/G13 -> -0.0083840863
A15: 40379 | B15: 25.469999 | C15: 25.92 | D15: 25.299999 | E15: 25.91 | F15: 47672300 | G15: 22.400062 | H15: =(E15-E14)/E14 -> -0.0042275173 | I15: =(G15-G14)/G14 -> -0.0042275757 | K15: SUMMARY OUTPUT
A16: 40380 | B16: 27.530001 | C16: 27.6 | D16: 25.969999 | E16: 26.059999 | F16: 70914600 | G16: 22.529742 | H16: =(E16-E15)/E15 -> 0.005789232 | I16: =(G16-G15)/G15 -> 0.0057892697
A17: 40381 | B17: 26.620001 | C17: 27.49 | D17: 26.549999 | E17: 27.389999 | F17: 53000300 | G17: 23.679572 | H17: =(E17-E16)/E16 -> 0.051036073 | I17: =(G17-G16)/G16 -> 0.051036093 | K17: Regression Statistics
A18: 40382 | B18: 27.33 | C18: 27.549999 | D18: 27 | E18: 27.42 | F18: 25737000 | G18: 23.705508 | H18: =(E18-E17)/E17 -> 0.0010953268 | I18: =(G18-G17)/G17 -> 0.0010952901 | K18: Multiple R | L18: 0.78009245
A19: 40385 | B19: 27.450001 | C19: 27.92 | D19: 27.23 | E19: 27.91 | F19: 22724200 | G19: 24.129129 | H19: =(E19-E18)/E18 -> 0.017870168 | I19: =(G19-G18)/G18 -> 0.017870151 | K19: R Square | L19: 0.60854424
A20: 40386 | B20: 28.41 | C20: 28.77 | D20: 28.24 | E20: 28.389999 | F20: 38411500 | G20: 24.544105 | H20: =(E20-E19)/E19 -> 0.017198101 | I20: =(G20-G19)/G19 -> 0.017198134 | K20: Adjusted R Square | L20: 0.60828482
A21: 40387 | B21: 28.25 | C21: 28.540001 | D21: 27.92 | E21: 28.07 | F21: 23935100 | G21: 24.267455 | H21: =(E21-E20)/E20 -> -0.01127154 | I21: =(G21-G20)/G20 -> -0.011271546 | K21: Standard Error | L21: 0.0097923887
A22: 40388 | B22: 28.32 | C22: 28.49 | D22: 27.48 | E22: 27.690001 | F22: 30045500 | G22: 23.938933 | H22: =(E22-E21)/E21 -> -0.013537549 | I22: =(G22-G21)/G21 -> -0.013537555 | K22: Observations | L22: 1511
A23: 40389 | B23: 27.27 | C23: 27.99 | D23: 27.25 | E23: 27.73 | F23: 27490900 | G23: 23.973513 | H23: =(E23-E22)/E22 -> 0.0014445287 | I23: =(G23-G22)/G22 -> 0.0014445088
A24: 40392 | B24: 28.290001 | C24: 28.58 | D24: 27.950001 | E24: 28.57 | F24: 28005100 | G24: 24.699721 | H24: =(E24-E23)/E23 -> 0.030292102 | I24: =(G24-G23)/G23 -> 0.030292098 | K24: ANOVA
A25: 40393 | B25: 28.450001 | C25: 28.49 | D25: 27.940001 | E25: 28.120001 | F25: 29544200 | G25: 24.310682 | H25: =(E25-E24)/E24 -> -0.015750753 | I25: =(G25-G24)/G24 -> -0.015750745 | L25: df | M25: SS | N25: MS | O25: F | P25: Significance F
A26: 40394 | B26: 28.17 | C26: 28.25 | D26: 27.700001 | E26: 27.93 | F26: 28936700 | G26: 24.189431 | H26: =(E26-E25)/E25 -> -0.0067567921 | I26: =(G26-G25)/G25 -> -0.0049875606 | K26: Regression | L26: 1 | M26: 0.22494482 | N26: 0.22494482 | O26: 2345.8417 | P26: 0
A27: 40395 | B27: 27.709999 | C27: 27.959999 | D27: 27.559999 | E27: 27.879999 | F27: 21881200 | G27: 24.146126 | H27: =(E27-E26)/E26 -> -0.0017902256 | I27: =(G27-G26)/G26 -> -0.0017902447 | K27: Residual | L27: 1509 | M27: 0.14469933 | N27: 9.5890876e-05
A28: 40396 | B28: 27.49 | C28: 27.77 | D28: 27.24 | E28: 27.75 | F28: 38637900 | G28: 24.033538 | H28: =(E28-E27)/E27 -> -0.004662805 | I28: =(G28-G27)/G27 -> -0.004662777 | K28: Total | L28: 1510 | M28: 0.36964415
A29: 40399 | B29: 27.9 | C29: 28.27 | D29: 27.52 | E29: 28.23 | F29: 29199300 | G29: 24.449253 | H29: =(E29-E28)/E28 -> 0.017297297 | I29: =(G29-G28)/G28 -> 0.017297287
A30: 40400 | B30: 27.940001 | C30: 28.07 | D30: 27.51 | E30: 27.77 | F30: 29837400 | G30: 24.05086 | H30: =(E30-E29)/E29 -> -0.016294722 | I30: =(G30-G29)/G29 -> -0.01629469 | L30: Coefficients | M30: Standard Error | N30: t Stat | O30: P-value | P30: Lower 95% | Q30: Upper 95% | R30: Lower 95.0% | S30: Upper 95.0%
A31: 40401 | B31: 27.26 | C31: 27.389999 | D31: 26.26 | E31: 26.299999 | F31: 39624100 | G31: 22.777731 | H31: =(E31-E30)/E30 -> -0.052934858 | I31: =(G31-G30)/G30 -> -0.052934864 | K31: Intercept | L31: 3.1818693e-05 | M31: 0.00025221446 | N31: 0.12615729 | O31: 0.89962423 | P31: -0.00046290939 | Q31: 0.00052654677 | R31: -0.00046290939 | S31: 0.00052654677
A32: 40402 | B32: 26 | C32: 26.389999 | D32: 25.870001 | E32: 26 | F32: 31944800 | G32: 22.517909 | H32: =(E32-E31)/E31 -> -0.011406807 | I32: =(G32-G31)/G31 -> -0.011406843 | K32: X Variable 1 | L32: 1.3397083 | M32: 0.027660555 | N32: 48.43389 | O32: 0 | P32: 1.2854511 | Q32: 1.3939655 | R32: 1.2854511 | S32: 1.3939655
A33: 40403 | B33: 25.99 | C33: 26.299999 | D33: 25.809999 | E33: 25.84 | F33: 25494200 | G33: 22.379338 | H33: =(E33-E32)/E32 -> -0.0061538462 | I33: =(G33-G32)/G32 -> -0.0061538129
A34: 40406 | B34: 25.67 | C34: 25.91 | D34: 25.52 | E34: 25.68 | F34: 24593600 | G34: 22.240766 | H34: =(E34-E33)/E33 -> -0.0061919505 | I34: =(G34-G33)/G33 -> -0.0061919615
A35: 40407 | B35: 25.959999 | C35: 26.01 | D35: 25.209999 | E35: 25.34 | F35: 49481000 | G35: 21.946301 | H35: =(E35-E34)/E34 -> -0.013239875 | I35: =(G35-G34)/G34 -> -0.013239877
A36: 40408 | B36: 25.299999 | C36: 25.67 | D36: 25.09 | E36: 25.379999 | F36: 38076300 | G36: 21.980943 | H36: =(E36-E35)/E35 -> 0.0015784925 | I36: =(G36-G35)/G35 -> 0.0015784892
A37: 40409 | B37: 25.1 | C37: 25.360001 | D37: 24.27 | E37: 24.43 | F37: 51516800 | G37: 21.158174 | H37: =(E37-E36)/E36 -> -0.03743101 | I37: =(G37-G36)/G36 -> -0.037431015
A38: 40410 | B38: 24.43 | C38: 24.709999 | D38: 24.27 | E38: 24.6 | F38: 40025600 | G38: 21.305407 | H38: =(E38-E37)/E37 -> 0.0069586574 | I38: =(G38-G37)/G37 -> 0.0069586818
A39: 40413 | B39: 24.860001 | C39: 24.879999 | D39: 24.190001 | E39: 24.23 | F39: 33766900 | G39: 20.984959 | H39: =(E39-E38)/E38 -> -0.01504065 | I39: =(G39-G38)/G38 -> -0.015040689
A40: 40414 | B40: 23.959999 | C40: 24.049999 | D40: 23.540001 | E40: 23.639999 | F40: 55658300 | G40: 20.473975 | H40: =(E40-E39)/E39 -> -0.024350021 | I40: =(G40-G39)/G39 -> -0.024350012
A41: 40415 | B41: 23.41 | C41: 23.65 | D41: 23.02 | E41: 23.6 | F41: 55554200 | G41: 20.439333 | H41: =(E41-E40)/E40 -> -0.0016920051 | I41: =(G41-G40)/G40 -> -0.0016920017
A42: 40416 | B42: 23.73 | C42: 24.1 | D42: 23.4 | E42: 23.49 | F42: 41212900 | G42: 20.344065 | H42: =(E42-E41)/E41 -> -0.0046610169 | I42: =(G42-G41)/G41 -> -0.0046610132
A43: 40417 | B43: 23.639999 | C43: 24 | D43: 23.469999 | E43: 24 | F43: 45099500 | G43: 20.785762 | H43: =(E43-E42)/E42 -> 0.021711367 | I43: =(G43-G42)/G42 -> 0.021711344
A44: 40420 | B44: 23.93 | C44: 23.98 | D44: 23.23 | E44: 23.25 | F44: 37964800 | G44: 20.136207 | H44: =(E44-E43)/E43 -> -0.03125 | I44: =(G44-G43)/G43 -> -0.031249997
... A1513: 42551 | B1513: 47.240002 | C1513: 47.360001 | D1513: 46.529999 | E1513: 47.330002 | F1513: 22538800 | G1513: 47.330002 | H1513: =(E1513-E1512)/E1512 -> 0.0076644878 | I1513: =(G1513-G1512)/G1512 -> 0.0076644878

Sheet ttm
A1: Date | B1: Open | C1: High | D1: Low | E1: Close | F1: Volume | G1: Adj Close | H1: Close Return | I1: Adj Close Return
A2: 40359 | B2: 17.059999 | C2: 18 | D2: 17.059999 | E2: 17.190001 | F2: 1214100 | G2: 16.11441 | L2: Close Return | M2: Adj Close Return
A3: 40360 | B3: 17 | C3: 17.43 | D3: 16.719999 | E3: 17.379999 | F3: 1210700 | G3: 16.292521 | H3: =(E3-E2)/E2 -> 0.011052821 | I3: =(G3-G2)/G2 -> 0.011052902 | K3: Mean | L3: =AVERAGE(H3:H1513) -> 0.00077267023 | M3: =AVERAGE(I3:I1513) -> 0.00081483095
A4: 40361 | B4: 17.41 | C4: 17.41 | D4: 17 | E4: 17.16 | F4: 506500 | G4: 16.086287 | H4: =(E4-E3)/E3 -> -0.012658171 | I4: =(G4-G3)/G3 -> -0.012658201 | K4: Median | L4: =MEDIAN(H3:H1513) -> 0.00083058555 | M4: =MEDIAN(I3:I1513) -> 0.0008305794
A5: 40365 | B5: 17.51 | C5: 17.620001 | D5: 17.01 | E5: 17.27 | F5: 731900 | G5: 16.189405 | H5: =(E5-E4)/E4 -> 0.0064102564 | I5: =(G5-G4)/G4 -> 0.0064103046 | K5: Min | L5: =MIN(H3:H1513) -> -0.10537298 | M5: =MIN(I3:I1513) -> -0.10537299
A6: 40366 | B6: 16.879999 | C6: 17.459999 | D6: 16.879999 | E6: 17.299999 | F6: 903300 | G6: 16.217526 | H6: =(E6-E5)/E5 -> 0.0017370585 | I6: =(G6-G5)/G5 -> 0.0017370002 | K6: Max | L6: =MAX(H3:H1513) -> 0.12382561 | M6: =MAX(I3:I1513) -> 0.1238256
A7: 40367 | B7: 17.58 | C7: 17.68 | D7: 17.200001 | E7: 17.559999 | F7: 879200 | G7: 16.461258 | H7: =(E7-E6)/E6 -> 0.015028903 | I7: =(G7-G6)/G6 -> 0.015028926 | K7: Var | L7: =_xlfn.VAR.S(H3:H1513) -> 0.00061732029 | M7: =_xlfn.VAR.S(I3:I1513) -> 0.00061666206
A8: 40368 | B8: 17.51 | C8: 17.74 | D8: 17.41 | E8: 17.65 | F8: 3221400 | G8: 16.545627 | H8: =(E8-E7)/E7 -> 0.005125342 | I8: =(G8-G7)/G7 -> 0.0051253069 | K8: SD | L8: =_xlfn.STDEV.S(H3:H1513) -> 0.024845931 | M8: =_xlfn.STDEV.S(I3:I1513) -> 0.024832681
A9: 40371 | B9: 17.84 | C9: 17.9 | D9: 17.6 | E9: 17.809999 | F9: 662900 | G9: 16.695615 | H9: =(E9-E8)/E8 -> 0.0090650992 | I9: =(G9-G8)/G8 -> 0.0090651143 | K9: Sharpe Ratio | L9: =L3/L8 -> 0.031098462 | M9: =M3/M8 -> 0.032812846
A10: 40372 | B10: 17.969999 | C10: 18.74 | D10: 17.959999 | E10: 18.52 | F10: 1262000 | G10: 17.361191 | H10: =(E10-E9)/E9 -> 0.039865303 | I10: =(G10-G9)/G9 -> 0.039865318 | K10: Count | M10: =COUNT(I3:I1513) -> 1511
A11: 40373 | B11: 18.25 | C11: 18.25 | D11: 17.73 | E11: 18 | F11: 1116200 | G11: 16.873728 | H11: =(E11-E10)/E10 -> -0.028077754 | I11: =(G11-G10)/G10 -> -0.02807774 | K11: Conf Interv | M11: =_xlfn.CONFIDENCE.NORM(0.05,M8,M10) -> 0.0012521013
A12: 40374 | B12: 18.049999 | C12: 18.290001 | D12: 17.92 | E12: 18.15 | F12: 779700 | G12: 17.014342 | H12: =(E12-E11)/E11 -> 0.0083333333 | I12: =(G12-G11)/G11 -> 0.0083333096
A13: 40375 | B13: 18.299999 | C13: 18.309999 | D13: 18 | E13: 18.07 | F13: 734300 | G13: 16.939347 | H13: =(E13-E12)/E12 -> -0.0044077135 | I13: =(G13-G12)/G12 -> -0.004407752
A14: 40378 | B14: 18.049999 | C14: 18.27 | D14: 17.84 | E14: 18.27 | F14: 532400 | G14: 17.126834 | H14: =(E14-E13)/E13 -> 0.011068069 | I14: =(G14-G13)/G13 -> 0.011068136
A15: 40379 | B15: 17.99 | C15: 18.379999 | D15: 17.700001 | E15: 18.280001 | F15: 594300 | G15: 17.136208 | H15: =(E15-E14)/E14 -> 0.00054740011 | I15: =(G15-G14)/G14 -> 0.00054732825 | K15: SUMMARY OUTPUT
A16: 40380 | B16: 18.34 | C16: 18.450001 | D16: 17.959999 | E16: 18.08 | F16: 717900 | G16: 16.948722 | H16: =(E16-E15)/E15 -> -0.010940973 | I16: =(G16-G15)/G15 -> -0.010940927
A17: 40381 | B17: 18.49 | C17: 18.969999 | D17: 18.42 | E17: 18.84 | F17: 983500 | G17: 17.661168 | H17: =(E17-E16)/E16 -> 0.042035398 | I17: =(G17-G16)/G16 -> 0.042035382 | K17: Regression Statistics
A18: 40382 | B18: 18.809999 | C18: 18.9 | D18: 18.530001 | E18: 18.870001 | F18: 710900 | G18: 17.689292 | H18: =(E18-E17)/E17 -> 0.0015924098 | I18: =(G18-G17)/G17 -> 0.0015924202 | K18: Multiple R | L18: 0.54765351
A19: 40385 | B19: 18.360001 | C19: 19.26 | D19: 18.360001 | E19: 19.07 | F19: 841400 | G19: 17.876777 | H19: =(E19-E18)/E18 -> 0.010598781 | I19: =(G19-G18)/G18 -> 0.010598785 | K19: R Square | L19: 0.29992437
A20: 40386 | B20: 19.120001 | C20: 19.15 | D20: 18.76 | E20: 18.969999 | F20: 1502300 | G20: 17.783033 | H20: =(E20-E19)/E19 -> -0.0052438909 | I20: =(G20-G19)/G19 -> -0.0052438983 | K20: Adjusted R Square | L20: 0.29946044
A21: 40387 | B21: 18.82 | C21: 19.280001 | D21: 18.82 | E21: 19.24 | F21: 1193000 | G21: 18.03614 | H21: =(E21-E20)/E20 -> 0.014233053 | I21: =(G21-G20)/G20 -> 0.014233061 | K21: Standard Error | L21: 0.020784518
A22: 40388 | B22: 19.32 | C22: 19.32 | D22: 18.83 | E22: 19.1 | F22: 847800 | G22: 17.9049 | H22: =(E22-E21)/E21 -> -0.0072765073 | I22: =(G22-G21)/G21 -> -0.0072765015 | K22: Observations | L22: 1511
A23: 40389 | B23: 18.719999 | C23: 19.25 | D23: 18.68 | E23: 18.91 | F23: 915600 | G23: 17.726788 | H23: =(E23-E22)/E22 -> -0.009947644 | I23: =(G23-G22)/G22 -> -0.009947668
A24: 40392 | B24: 19.110001 | C24: 19.48 | D24: 19.1 | E24: 19.4 | F24: 725200 | G24: 18.186128 | H24: =(E24-E23)/E23 -> 0.025912216 | I24: =(G24-G23)/G23 -> 0.025912196 | K24: ANOVA
A25: 40393 | B25: 19.379999 | C25: 19.459999 | D25: 18.799999 | E25: 19.459999 | F25: 724400 | G25: 18.242373 | H25: =(E25-E24)/E24 -> 0.003092732 | I25: =(G25-G24)/G24 -> 0.0030927419 | L25: df | M25: SS | N25: MS | O25: F | P25: Significance F
A26: 40394 | B26: 19.440001 | C26: 19.5 | D26: 19.120001 | E26: 19.309999 | F26: 579200 | G26: 18.101759 | H26: =(E26-E25)/E25 -> -0.0077081196 | I26: =(G26-G25)/G25 -> -0.0077080981 | K26: Regression | L26: 1 | M26: 0.27927749 | N26: 0.27927749 | O26: 646.4814 | P26: 5.4352812e-119
A27: 40395 | B27: 19.129999 | C27: 19.4 | D27: 19.1 | E27: 19.389999 | F27: 377900 | G27: 18.176754 | H27: =(E27-E26)/E26 -> 0.0041429313 | I27: =(G27-G26)/G26 -> 0.0041429675 | K27: Residual | L27: 1509 | M27: 0.65188223 | N27: 0.00043199617
A28: 40396 | B28: 19.5 | C28: 19.870001 | D28: 19.450001 | E28: 19.870001 | F28: 1025200 | G28: 18.939283 | H28: =(E28-E27)/E27 -> 0.024755133 | I28: =(G28-G27)/G27 -> 0.04195078 | K28: Total | L28: 1510 | M28: 0.93115972
A29: 40399 | B29: 19.99 | C29: 20.1 | D29: 19.9 | E29: 20.059999 | F29: 940900 | G29: 19.120382 | H29: =(E29-E28)/E28 -> 0.0095620529 | I29: =(G29-G28)/G28 -> 0.0095620832
A30: 40400 | B30: 20.360001 | C30: 20.83 | D30: 20.360001 | E30: 20.67 | F30: 2136500 | G30: 19.70181 | H30: =(E30-E29)/E29 -> 0.030408825 | I30: =(G30-G29)/G29 -> 0.030408807 | L30: Coefficients | M30: Standard Error | N30: t Stat | O30: P-value | P30: Lower 95% | Q30: Upper 95% | R30: Lower 95.0% | S30: Upper 95.0%
A31: 40401 | B31: 21.15 | C31: 21.690001 | D31: 21.15 | E31: 21.530001 | F31: 3808000 | G31: 20.521527 | H31: =(E31-E30)/E30 -> 0.041606241 | I31: =(G31-G30)/G30 -> 0.041606177 | K31: Intercept | L31: 0.00015327263 | M31: 0.00053532965 | N31: 0.28631449 | O31: 0.77467656 | P31: -0.00089679644 | Q31: 0.0012033417 | R31: -0.00089679644 | S31: 0.0012033417
A32: 40402 | B32: 21.57 | C32: 21.889999 | D32: 21.5 | E32: 21.84 | F32: 3046500 | G32: 20.817006 | H32: =(E32-E31)/E31 -> 0.014398467 | I32: =(G32-G31)/G31 -> 0.01439849 | K32: X Variable 1 | L32: 1.4927608 | M32: 0.058710016 | N32: 25.425998 | O32: 5.4352812e-119 | P32: 1.3775989 | Q32: 1.6079227 | R32: 1.3775989 | S32: 1.6079227
A33: 40403 | B33: 22.139999 | C33: 22.139999 | D33: 21.540001 | E33: 21.549999 | F33: 1725400 | G33: 20.540589 | H33: =(E33-E32)/E32 -> -0.013278434 | I33: =(G33-G32)/G32 -> -0.013278422
A34: 40406 | B34: 21.49 | C34: 22 | D34: 20.91 | E34: 21.940001 | F34: 1513500 | G34: 20.912323 | H34: =(E34-E33)/E33 -> 0.018097541 | I34: =(G34-G33)/G33 -> 0.018097534
A35: 40407 | B35: 22.02 | C35: 22.93 | D35: 21.799999 | E35: 22.73 | F35: 3295300 | G35: 21.665318 | H35: =(E35-E34)/E34 -> 0.036007245 | I35: =(G35-G34)/G34 -> 0.036007238
A36: 40408 | B36: 22.9 | C36: 22.93 | D36: 22.43 | E36: 22.49 | F36: 1793500 | G36: 21.43656 | H36: =(E36-E35)/E35 -> -0.010558733 | I36: =(G36-G35)/G35 -> -0.010558719
A37: 40409 | B37: 22.26 | C37: 22.74 | D37: 21.969999 | E37: 22 | F37: 2091500 | G37: 20.969512 | H37: =(E37-E36)/E36 -> -0.021787461 | I37: =(G37-G36)/G36 -> -0.021787451
A38: 40410 | B38: 21.73 | C38: 22.75 | D38: 21.52 | E38: 22.68 | F38: 1774900 | G38: 21.617661 | H38: =(E38-E37)/E37 -> 0.030909091 | I38: =(G38-G37)/G37 -> 0.030909112
A39: 40413 | B39: 22.549999 | C39: 22.82 | D39: 22.200001 | E39: 22.309999 | F39: 1242700 | G39: 21.264991 | H39: =(E39-E38)/E38 -> -0.016313977 | I39: =(G39-G38)/G38 -> -0.016313976
A40: 40414 | B40: 22.16 | C40: 22.16 | D40: 21.780001 | E40: 22.1 | F40: 1384600 | G40: 21.064828 | H40: =(E40-E39)/E39 -> -0.009412775 | I40: =(G40-G39)/G39 -> -0.009412795
A41: 40415 | B41: 21.549999 | C41: 21.58 | D41: 21.02 | E41: 21.299999 | F41: 2263800 | G41: 20.302299 | H41: =(E41-E40)/E40 -> -0.03619914 | I41: =(G41-G40)/G40 -> -0.036199156
A42: 40416 | B42: 21.74 | C42: 21.9 | D42: 21.440001 | E42: 21.58 | F42: 1548800 | G42: 20.569185 | H42: =(E42-E41)/E41 -> 0.013145587 | I42: =(G42-G41)/G41 -> 0.013145605
A43: 40417 | B43: 21.74 | C43: 22.15 | D43: 21.68 | E43: 22.08 | F43: 1445400 | G43: 21.045765 | H43: =(E43-E42)/E42 -> 0.023169601 | I43: =(G43-G42)/G42 -> 0.02316961
A44: 40420 | B44: 21.799999 | C44: 21.799999 | D44: 21.16 | E44: 21.17 | F44: 1174400 | G44: 20.178389 | H44: =(E44-E43)/E43 -> -0.041213768 | I44: =(G44-G43)/G43 -> -0.041213802
... A1513: 42551 | B1513: 33.950001 | C1513: 34.68 | D1513: 33.59 | E1513: 34.669998 | F1513: 1709600 | G1513: 34.65552 | H1513: =(E1513-E1512)/E1512 -> 0.030005882 | I1513: =(G1513-G1512)/G1512 -> 0.030005875

Sheet tesla
A1: Date | B1: Open | C1: High | D1: Low | E1: Close | F1: Volume | G1: Adj Close | H1: Close Return | I1: Adj Close Return
A2: 40359 | B2: 25.790001 | C2: 30.42 | D2: 23.299999 | E2: 23.83 | F2: 17187100 | G2: 23.83 | L2: Close Return | M2: Adj Close Return
A3: 40360 | B3: 25 | C3: 25.92 | D3: 20.27 | E3: 21.959999 | F3: 8218800 | G3: 21.959999 | H3: =(E3-E2)/E2 -> -0.078472556 | I3: =(G3-G2)/G2 -> -0.078472556 | K3: Mean | L3: =AVERAGE(H3:H1513) -> 0.0020281441 | M3: =AVERAGE(I3:I1513) -> 0.0020281441
A4: 40361 | B4: 23 | C4: 23.1 | D4: 18.709999 | E4: 19.200001 | F4: 5139800 | G4: 19.200001 | H4: =(E4-E3)/E3 -> -0.12568297 | I4: =(G4-G3)/G3 -> -0.12568297 | K4: Median | L4: =MEDIAN(H3:H1513) -> 0.00090121672 | M4: =MEDIAN(I3:I1513) -> 0.00090121672
A5: 40365 | B5: 20 | C5: 20 | D5: 15.83 | E5: 16.110001 | F5: 6866900 | G5: 16.110001 | H5: =(E5-E4)/E4 -> -0.16093749 | I5: =(G5-G4)/G4 -> -0.16093749 | K5: Min | L5: =MIN(H3:H1513) -> -0.1932743 | M5: =MIN(I3:I1513) -> -0.1932743
A6: 40366 | B6: 16.4 | C6: 16.629999 | D6: 14.98 | E6: 15.8 | F6: 6921700 | G6: 15.8 | H6: =(E6-E5)/E5 -> -0.019242767 | I6: =(G6-G5)/G5 -> -0.019242767 | K6: Max | L6: =MAX(H3:H1513) -> 0.24395054 | M6: =MAX(I3:I1513) -> 0.24395054
A7: 40367 | B7: 16.139999 | C7: 17.52 | D7: 15.57 | E7: 17.459999 | F7: 7711400 | G7: 17.459999 | H7: =(E7-E6)/E6 -> 0.10506323 | I7: =(G7-G6)/G6 -> 0.10506323 | K7: Var | L7: =_xlfn.VAR.S(H3:H1513) -> 0.0011708748 | M7: =_xlfn.VAR.S(I3:I1513) -> 0.0011708748
A8: 40368 | B8: 17.58 | C8: 17.9 | D8: 16.549999 | E8: 17.4 | F8: 4050600 | G8: 17.4 | H8: =(E8-E7)/E7 -> -0.003436369 | I8: =(G8-G7)/G7 -> -0.003436369 | K8: SD | L8: =_xlfn.STDEV.S(H3:H1513) -> 0.034218048 | M8: =_xlfn.STDEV.S(I3:I1513) -> 0.034218048
A9: 40371 | B9: 17.950001 | C9: 18.07 | D9: 17 | E9: 17.049999 | F9: 2202500 | G9: 17.049999 | H9: =(E9-E8)/E8 -> -0.020115 | I9: =(G9-G8)/G8 -> -0.020115 | K9: Sharpe Ratio | L9: =L3/L8 -> 0.05927118 | M9: =M3/M8 -> 0.05927118
A10: 40372 | B10: 17.389999 | C10: 18.639999 | D10: 16.9 | E10: 18.139999 | F10: 2680100 | G10: 18.139999 | H10: =(E10-E9)/E9 -> 0.063929623 | I10: =(G10-G9)/G9 -> 0.063929623 | K10: Count | M10: =COUNT(I3:I1513) -> 1511
A11: 40373 | B11: 17.940001 | C11: 20.15 | D11: 17.76 | E11: 19.84 | F11: 4195200 | G11: 19.84 | H11: =(E11-E10)/E10 -> 0.093715606 | I11: =(G11-G10)/G10 -> 0.093715606 | K11: Conf Interv | M11: =_xlfn.CONFIDENCE.NORM(0.05,M8,M10) -> 0.0017253257
A12: 40374 | B12: 19.940001 | C12: 21.5 | D12: 19 | E12: 19.889999 | F12: 3739800 | G12: 19.889999 | H12: =(E12-E11)/E11 -> 0.0025201109 | I12: =(G12-G11)/G11 -> 0.0025201109
A13: 40375 | B13: 20.700001 | C13: 21.299999 | D13: 20.049999 | E13: 20.639999 | F13: 2621300 | G13: 20.639999 | H13: =(E13-E12)/E12 -> 0.037707393 | I13: =(G13-G12)/G12 -> 0.037707393
A14: 40378 | B14: 21.370001 | C14: 22.25 | D14: 20.92 | E14: 21.91 | F14: 2486500 | G14: 21.91 | H14: =(E14-E13)/E13 -> 0.061531059 | I14: =(G14-G13)/G13 -> 0.061531059
A15: 40379 | B15: 21.85 | C15: 21.85 | D15: 20.049999 | E15: 20.299999 | F15: 1825300 | G15: 20.299999 | H15: =(E15-E14)/E14 -> -0.073482474 | I15: =(G15-G14)/G14 -> -0.073482474 | K15: SUMMARY OUTPUT
A16: 40380 | B16: 20.66 | C16: 20.9 | D16: 19.5 | E16: 20.219999 | F16: 1252500 | G16: 20.219999 | H16: =(E16-E15)/E15 -> -0.0039408869 | I16: =(G16-G15)/G15 -> -0.0039408869
A17: 40381 | B17: 20.5 | C17: 21.25 | D17: 20.370001 | E17: 21 | F17: 957800 | G17: 21 | H17: =(E17-E16)/E16 -> 0.038575719 | I17: =(G17-G16)/G16 -> 0.038575719 | K17: Regression Statistics
A18: 40382 | B18: 21.190001 | C18: 21.559999 | D18: 21.059999 | E18: 21.290001 | F18: 653600 | G18: 21.290001 | H18: =(E18-E17)/E17 -> 0.013809571 | I18: =(G18-G17)/G17 -> 0.013809571 | K18: Multiple R | L18: 0.32991253
A19: 40385 | B19: 21.5 | C19: 21.5 | D19: 20.299999 | E19: 20.950001 | F19: 922200 | G19: 20.950001 | H19: =(E19-E18)/E18 -> -0.015969938 | I19: =(G19-G18)/G18 -> -0.015969938 | K19: R Square | L19: 0.10884228
A20: 40386 | B20: 20.91 | C20: 21.18 | D20: 20.26 | E20: 20.549999 | F20: 619700 | G20: 20.549999 | H20: =(E20-E19)/E19 -> -0.019093173 | I20: =(G20-G19)/G19 -> -0.019093173 | K20: Adjusted R Square | L20: 0.10825172
A21: 40387 | B21: 20.549999 | C21: 20.9 | D21: 20.51 | E21: 20.719999 | F21: 467200 | G21: 20.719999 | H21: =(E21-E20)/E20 -> 0.0082725065 | I21: =(G21-G20)/G20 -> 0.0082725065 | K21: Standard Error | L21: 0.032312933
A22: 40388 | B22: 20.77 | C22: 20.879999 | D22: 20 | E22: 20.35 | F22: 616000 | G22: 20.35 | H22: =(E22-E21)/E21 -> -0.017857095 | I22: =(G22-G21)/G21 -> -0.017857095 | K22: Observations | L22: 1511
A23: 40389 | B23: 20.200001 | C23: 20.440001 | D23: 19.549999 | E23: 19.940001 | F23: 426900 | G23: 19.940001 | H23: =(E23-E22)/E22 -> -0.020147371 | I23: =(G23-G22)/G22 -> -0.020147371
A24: 40392 | B24: 20.5 | C24: 20.969999 | D24: 20.33 | E24: 20.92 | F24: 718100 | G24: 20.92 | H24: =(E24-E23)/E23 -> 0.04914739 | I24: =(G24-G23)/G23 -> 0.04914739 | K24: ANOVA
A25: 40393 | B25: 21 | C25: 21.950001 | D25: 20.82 | E25: 21.950001 | F25: 1230500 | G25: 21.950001 | H25: =(E25-E24)/E24 -> 0.049235229 | I25: =(G25-G24)/G24 -> 0.049235229 | L25: df | M25: SS | N25: MS | O25: F | P25: Significance F
A26: 40394 | B26: 21.950001 | C26: 22.18 | D26: 20.85 | E26: 21.26 | F26: 913000 | G26: 21.26 | H26: =(E26-E25)/E25 -> -0.031435124 | I26: =(G26-G25)/G25 -> -0.031435124 | K26: Regression | L26: 1 | M26: 0.19243543 | N26: 0.19243543 | O26: 184.30295 | P26: 1.0777759e-39
A27: 40395 | B27: 21.540001 | C27: 21.549999 | D27: 20.049999 | E27: 20.450001 | F27: 796200 | G27: 20.450001 | H27: =(E27-E26)/E26 -> -0.038099671 | I27: =(G27-G26)/G26 -> -0.038099671 | K27: Residual | L27: 1509 | M27: 1.5755855 | N27: 0.0010441256
A28: 40396 | B28: 20.1 | C28: 20.16 | D28: 19.52 | E28: 19.59 | F28: 741900 | G28: 19.59 | H28: =(E28-E27)/E27 -> -0.042053837 | I28: =(G28-G27)/G27 -> -0.042053837 | K28: Total | L28: 1510 | M28: 1.768021
A29: 40399 | B29: 19.9 | C29: 19.98 | D29: 19.450001 | E29: 19.6 | F29: 812700 | G29: 19.6 | H29: =(E29-E28)/E28 -> 0.00051046452 | I29: =(G29-G28)/G28 -> 0.00051046452
A30: 40400 | B30: 19.65 | C30: 19.65 | D30: 18.82 | E30: 19.030001 | F30: 1281300 | G30: 19.030001 | H30: =(E30-E29)/E29 -> -0.029081582 | I30: =(G30-G29)/G29 -> -0.029081582 | L30: Coefficients | M30: Standard Error | N30: t Stat | O30: P-value | P30: Lower 95% | Q30: Upper 95% | R30: Lower 95.0% | S30: Upper 95.0%
A31: 40401 | B31: 18.690001 | C31: 18.879999 | D31: 17.85 | E31: 17.9 | F31: 797600 | G31: 17.9 | H31: =(E31-E30)/E30 -> -0.059379976 | I31: =(G31-G30)/G30 -> -0.059379976 | K31: Intercept | L31: 0.0014789919 | M31: 0.0008322575 | N31: 1.7770845 | O31: 0.075755724 | P31: -0.00015351219 | Q31: 0.0031114961 | R31: -0.00015351219 | S31: 0.0031114961
A32: 40402 | B32: 17.799999 | C32: 17.9 | D32: 17.389999 | E32: 17.6 | F32: 691000 | G32: 17.6 | H32: =(E32-E31)/E31 -> -0.016759777 | I32: =(G32-G31)/G31 -> -0.016759777 | K32: X Variable 1 | L32: 1.239124 | M32: 0.091274323 | N32: 13.575822 | O32: 1.0777759e-39 | P32: 1.060086 | Q32: 1.418162 | R32: 1.060086 | S32: 1.418162
A33: 40403 | B33: 18.18 | C33: 18.450001 | D33: 17.66 | E33: 18.32 | F33: 634000 | G33: 18.32 | H33: =(E33-E32)/E32 -> 0.040909091 | I33: =(G33-G32)/G32 -> 0.040909091
A34: 40406 | B34: 18.450001 | C34: 18.799999 | D34: 18.26 | E34: 18.780001 | F34: 485800 | G34: 18.780001 | H34: =(E34-E33)/E33 -> 0.025109225 | I34: =(G34-G33)/G33 -> 0.025109225
A35: 40407 | B35: 18.959999 | C35: 19.4 | D35: 18.780001 | E35: 19.15 | F35: 447900 | G35: 19.15 | H35: =(E35-E34)/E34 -> 0.019701756 | I35: =(G35-G34)/G34 -> 0.019701756
A36: 40408 | B36: 19.59 | C36: 19.59 | D36: 18.6 | E36: 18.77 | F36: 601300 | G36: 18.77 | H36: =(E36-E35)/E35 -> -0.019843342 | I36: =(G36-G35)/G35 -> -0.019843342
A37: 40409 | B37: 18.540001 | C37: 19.25 | D37: 18.33 | E37: 18.790001 | F37: 579100 | G37: 18.790001 | H37: =(E37-E36)/E36 -> 0.0010655834 | I37: =(G37-G36)/G36 -> 0.0010655834
A38: 40410 | B38: 18.65 | C38: 19.110001 | D38: 18.51 | E38: 19.1 | F38: 296000 | G38: 19.1 | H38: =(E38-E37)/E37 -> 0.016498083 | I38: =(G38-G37)/G37 -> 0.016498083
A39: 40413 | B39: 19.09 | C39: 20.389999 | D39: 19 | E39: 20.129999 | F39: 1088100 | G39: 20.129999 | H39: =(E39-E38)/E38 -> 0.053926649 | I39: =(G39-G38)/G38 -> 0.053926649
A40: 40414 | B40: 19.25 | C40: 19.709999 | D40: 18.950001 | E40: 19.200001 | F40: 673100 | G40: 19.200001 | H40: =(E40-E39)/E39 -> -0.046199605 | I40: =(G40-G39)/G39 -> -0.046199605
A41: 40415 | B41: 19.16 | C41: 19.98 | D41: 18.559999 | E41: 19.9 | F41: 503300 | G41: 19.9 | H41: =(E41-E40)/E40 -> 0.036458279 | I41: =(G41-G40)/G40 -> 0.036458279
A42: 40416 | B42: 19.889999 | C42: 20.27 | D42: 19.6 | E42: 19.75 | F42: 433800 | G42: 19.75 | H42: =(E42-E41)/E41 -> -0.0075376884 | I42: =(G42-G41)/G41 -> -0.0075376884
A43: 40417 | B43: 19.75 | C43: 19.870001 | D43: 19.5 | E43: 19.700001 | F43: 379600 | G43: 19.700001 | H43: =(E43-E42)/E42 -> -0.0025315949 | I43: =(G43-G42)/G42 -> -0.0025315949
A44: 40420 | B44: 19.700001 | C44: 20.190001 | D44: 19.610001 | E44: 19.870001 | F44: 732800 | G44: 19.870001 | H44: =(E44-E43)/E43 -> 0.0086294412 | I44: =(G44-G43)/G43 -> 0.0086294412
... A1513: 42551 | B1513: 212.97 | C1513: 213.5 | D1513: 209.02 | E1513: 212.28 | F1513: 4843100 | G1513: 212.28 | H1513: =(E1513-E1512)/E1512 -> 0.0099433702 | I1513: =(G1513-G1512)/G1512 -> 0.0099433702

Sheet msft
A1: Date | B1: Open | C1: High | D1: Low | E1: Close | F1: Volume | G1: Adj Close | H1: Close Return | I1: Adj Close Return
A2: 40359 | B2: 23.299999 | C2: 23.68 | D2: 22.950001 | E2: 23.01 | F2: 81050500 | G2: 19.541996 | L2: Close Return | M2: Adj Close Return
A3: 40360 | B3: 23.09 | C3: 23.32 | D3: 22.73 | E3: 23.16 | F3: 92239400 | G3: 19.669388 | H3: =(E3-E2)/E2 -> 0.0065189048 | I3: =(G3-G2)/G2 -> 0.0065188837 | K3: Mean | L3: =AVERAGE(H3:H1513) -> 0.00063921611 | M3: =AVERAGE(I3:I1513) -> 0.00074693549
A4: 40361 | B4: 23.360001 | C4: 23.48 | D4: 23.049999 | E4: 23.27 | F4: 62485100 | G4: 19.76281 | H4: =(E4-E3)/E3 -> 0.0047495682 | I4: =(G4-G3)/G3 -> 0.004749614 | K4: Median | L4: =MEDIAN(H3:H1513) -> 0 | M4: =MEDIAN(I3:I1513) -> 0.0001807132
A5: 40365 | B5: 23.700001 | C5: 24.09 | D5: 23.58 | E5: 23.82 | F5: 73592000 | G5: 20.229915 | H5: =(E5-E4)/E4 -> 0.023635582 | I5: =(G5-G4)/G4 -> 0.023635556 | K5: Min | L5: =MIN(H3:H1513) -> -0.11399546 | M5: =MIN(I3:I1513) -> -0.11399546
A6: 40366 | B6: 23.82 | C6: 24.32 | D6: 23.610001 | E6: 24.299999 | F6: 79965300 | G6: 20.63757 | H6: =(E6-E5)/E5 -> 0.020151092 | I6: =(G6-G5)/G5 -> 0.020151098 | K6: Max | L6: =MAX(H3:H1513) -> 0.10452236 | M6: =MAX(I3:I1513) -> 0.10452237
A7: 40367 | B7: 24.6 | C7: 24.620001 | D7: 23.969999 | E7: 24.41 | F7: 50758100 | G7: 20.730992 | H7: =(E7-E6)/E6 -> 0.0045267903 | I7: =(G7-G6)/G6 -> 0.0045267926 | K7: Var | L7: =_xlfn.VAR.S(H3:H1513) -> 0.0002204753 | M7: =_xlfn.VAR.S(I3:I1513) -> 0.00021957065
A8: 40368 | B8: 24.33 | C8: 24.41 | D8: 24.15 | E8: 24.27 | F8: 53806100 | G8: 20.612093 | H8: =(E8-E7)/E7 -> -0.0057353544 | I8: =(G8-G7)/G7 -> -0.0057353261 | K8: SD | L8: =_xlfn.STDEV.S(H3:H1513) -> 0.014848411 | M8: =_xlfn.STDEV.S(I3:I1513) -> 0.014817916
A9: 40371 | B9: 24.43 | C9: 24.889999 | D9: 24.42 | E9: 24.83 | F9: 49854200 | G9: 21.08769 | H9: =(E9-E8)/E8 -> 0.023073754 | I9: =(G9-G8)/G8 -> 0.023073688 | K9: Sharpe Ratio | L9: =L3/L8 -> 0.043049463 | M9: =M3/M8 -> 0.050407592
A10: 40372 | B10: 25.139999 | C10: 25.299999 | D10: 24.9 | E10: 25.129999 | F10: 61928700 | G10: 21.342475 | H10: =(E10-E9)/E9 -> 0.012082118 | I10: =(G10-G9)/G9 -> 0.012082167 | K10: Count | M10: =COUNT(I3:I1513) -> 1511
A11: 40373 | B11: 25.5 | C11: 25.610001 | D11: 25.120001 | E11: 25.440001 | F11: 72808100 | G11: 21.605753 | H11: =(E11-E10)/E10 -> 0.012335934 | I11: =(G11-G10)/G10 -> 0.01233587 | K11: Conf Interv | M11: =_xlfn.CONFIDENCE.NORM(0.05,M8,M10) -> 0.00074714174
A12: 40374 | B12: 25.5 | C12: 25.59 | D12: 24.98 | E12: 25.51 | F12: 56934700 | G12: 21.665203 | H12: =(E12-E11)/E11 -> 0.0027515329 | I12: =(G12-G11)/G11 -> 0.002751582
A13: 40375 | B13: 25.51 | C13: 25.639999 | D13: 24.879999 | E13: 24.889999 | F13: 65064800 | G13: 21.138647 | H13: =(E13-E12)/E12 -> -0.024304234 | I13: =(G13-G12)/G12 -> -0.024304226
A14: 40378 | B14: 24.959999 | C14: 25.299999 | D14: 24.91 | E14: 25.23 | F14: 38181800 | G14: 21.427403 | H14: =(E14-E13)/E13 -> 0.013660145 | I14: =(G14-G13)/G13 -> 0.013660098
A15: 40379 | B15: 24.860001 | C15: 25.48 | D15: 24.700001 | E15: 25.48 | F15: 45530700 | G15: 21.639724 | H15: =(E15-E14)/E14 -> 0.0099088387 | I15: =(G15-G14)/G14 -> 0.0099088536 | K15: SUMMARY OUTPUT
A16: 40380 | B16: 25.6 | C16: 25.65 | D16: 24.98 | E16: 25.120001 | F16: 73297300 | G16: 21.333983 | H16: =(E16-E15)/E15 -> -0.014128689 | I16: =(G16-G15)/G15 -> -0.014128692
A17: 40381 | B17: 25.51 | C17: 25.99 | D17: 25.469999 | E17: 25.84 | F17: 73016400 | G17: 21.945466 | H17: =(E17-E16)/E16 -> 0.028662379 | I17: =(G17-G16)/G16 -> 0.028662393 | K17: Regression Statistics
A18: 40382 | B18: 25.84 | C18: 26.02 | D18: 25.25 | E18: 25.809999 | F18: 108520100 | G18: 21.919987 | H18: =(E18-E17)/E17 -> -0.0011610294 | I18: =(G18-G17)/G17 -> -0.0011610143 | K18: Multiple R | L18: 0.64156449
A19: 40385 | B19: 25.860001 | C19: 26.200001 | D19: 25.799999 | E19: 26.1 | F19: 67249900 | G19: 22.16628 | H19: =(E19-E18)/E18 -> 0.011235994 | I19: =(G19-G18)/G18 -> 0.011236001 | K19: R Square | L19: 0.41160499
A20: 40386 | B20: 26.139999 | C20: 26.24 | D20: 25.959999 | E20: 26.16 | F20: 60672100 | G20: 22.217236 | H20: =(E20-E19)/E19 -> 0.0022988506 | I20: =(G20-G19)/G19 -> 0.002298807 | K20: Adjusted R Square | L20: 0.41121507
A21: 40387 | B21: 26.07 | C21: 26.190001 | D21: 25.83 | E21: 25.950001 | F21: 69704800 | G21: 22.038888 | H21: =(E21-E20)/E20 -> -0.0080274847 | I21: =(G21-G20)/G20 -> -0.0080274612 | K21: Standard Error | L21: 0.011370131
A22: 40388 | B22: 26.129999 | C22: 26.41 | D22: 25.6 | E22: 26.030001 | F22: 69446200 | G22: 22.10683 | H22: =(E22-E21)/E21 -> 0.0030828515 | I22: =(G22-G21)/G21 -> 0.0030828234 | K22: Observations | L22: 1511
A23: 40389 | B23: 25.75 | C23: 25.84 | D23: 25.35 | E23: 25.809999 | F23: 83534800 | G23: 21.919987 | H23: =(E23-E22)/E22 -> -0.0084518629 | I23: =(G23-G22)/G22 -> -0.0084518224
A24: 40392 | B24: 25.99 | C24: 26.379999 | D24: 25.75 | E24: 26.33 | F24: 55044600 | G24: 22.361615 | H24: =(E24-E23)/E23 -> 0.020147269 | I24: =(G24-G23)/G23 -> 0.020147275 | K24: ANOVA
A25: 40393 | B25: 26.200001 | C25: 26.35 | D25: 25.969999 | E25: 26.16 | F25: 56877700 | G25: 22.217236 | H25: =(E25-E24)/E24 -> -0.0064565135 | I25: =(G25-G24)/G24 -> -0.0064565551 | L25: df | M25: SS | N25: MS | O25: F | P25: Significance F
A26: 40394 | B26: 26.15 | C26: 26.24 | D26: 25.440001 | E26: 25.73 | F26: 78531900 | G26: 21.852045 | H26: =(E26-E25)/E25 -> -0.016437309 | I26: =(G26-G25)/G25 -> -0.016437283 | K26: Regression | L26: 1 | M26: 0.13646832 | N26: 0.13646832 | O26: 1055.6037 | P26: 5.2494976e-176
A27: 40395 | B27: 25.49 | C27: 25.58 | D27: 25.209999 | E27: 25.370001 | F27: 64922100 | G27: 21.546304 | H27: =(E27-E26)/E26 -> -0.013991411 | I27: =(G27-G26)/G26 -> -0.013991414 | K27: Residual | L27: 1509 | M27: 0.19508335 | N27: 0.00012927989
A28: 40396 | B28: 25.18 | C28: 25.559999 | D28: 25.02 | E28: 25.549999 | F28: 55982100 | G28: 21.699173 | H28: =(E28-E27)/E27 -> 0.007094915 | I28: =(G28-G27)/G27 -> 0.0070949059 | K28: Total | L28: 1510 | M28: 0.33155167
A29: 40399 | B29: 25.549999 | C29: 25.73 | D29: 25.370001 | E29: 25.610001 | F29: 57096500 | G29: 21.750132 | H29: =(E29-E28)/E28 -> 0.002348415 | I29: =(G29-G28)/G28 -> 0.0023484305
A30: 40400 | B30: 25.33 | C30: 25.34 | D30: 24.879999 | E30: 25.07 | F30: 87257700 | G30: 21.291518 | H30: =(E30-E29)/E29 -> -0.021085552 | I30: =(G30-G29)/G29 -> -0.021085573 | L30: Coefficients | M30: Standard Error | N30: t Stat | O30: P-value | P30: Lower 95% | Q30: Upper 95% | R30: Lower 95.0% | S30: Upper 95.0%
A31: 40401 | B31: 24.68 | C31: 24.9 | D31: 24.559999 | E31: 24.860001 | F31: 76746900 | G31: 21.113169 | H31: =(E31-E30)/E30 -> -0.0083765058 | I31: =(G31-G30)/G30 -> -0.0083765282 | K31: Intercept | L31: 0.00028448409 | M31: 0.00029285108 | N31: 0.97142921 | O31: 0.33149027 | P31: -0.00028995422 | Q31: 0.00085892241 | R31: -0.00028995422 | S31: 0.00085892241
A32: 40402 | B32: 24.42 | C32: 24.68 | D32: 24.360001 | E32: 24.49 | F32: 70240500 | G32: 20.798934 | H32: =(E32-E31)/E31 -> -0.014883386 | I32: =(G32-G31)/G31 -> -0.014883365 | K32: X Variable 1 | L32: 1.0434897 | M32: 0.032117204 | N32: 32.490055 | O32: 5.2494976e-176 | P32: 0.98049063 | Q32: 1.1064888 | R32: 0.98049063 | S32: 1.1064888
A33: 40403 | B33: 24.35 | C33: 24.67 | D33: 24.24 | E33: 24.4 | F33: 45263500 | G33: 20.722499 | H33: =(E33-E32)/E32 -> -0.0036749694 | I33: =(G33-G32)/G32 -> -0.003674948
A34: 40406 | B34: 24.360001 | C34: 24.610001 | D34: 24.299999 | E34: 24.5 | F34: 40909700 | G34: 20.807427 | H34: =(E34-E33)/E33 -> 0.0040983607 | I34: =(G34-G33)/G33 -> 0.0040983474
A35: 40407 | B35: 24.709999 | C35: 24.959999 | D35: 24.6 | E35: 24.709999 | F35: 52912600 | G35: 21.097723 | H35: =(E35-E34)/E34 -> 0.0085713878 | I35: =(G35-G34)/G34 -> 0.013951557
A36: 40408 | B36: 24.68 | C36: 24.950001 | D36: 24.41 | E36: 24.82 | F36: 46818900 | G36: 21.191643 | H36: =(E36-E35)/E35 -> 0.0044516797 | I36: =(G36-G35)/G35 -> 0.0044516652
A37: 40409 | B37: 24.620001 | C37: 24.74 | D37: 24.209999 | E37: 24.440001 | F37: 54064600 | G37: 20.867194 | H37: =(E37-E36)/E36 -> -0.015310193 | I37: =(G37-G36)/G36 -> -0.015310233
A38: 40410 | B38: 24.309999 | C38: 24.4 | D38: 24.200001 | E38: 24.23 | F38: 49560100 | G38: 20.687893 | H38: =(E38-E37)/E37 -> -0.0085925119 | I38: =(G38-G37)/G37 -> -0.0085924825
A39: 40413 | B39: 24.440001 | C39: 24.639999 | D39: 24.24 | E39: 24.280001 | F39: 51643000 | G39: 20.730584 | H39: =(E39-E38)/E38 -> 0.0020635988 | I39: =(G39-G38)/G38 -> 0.0020635741
A40: 40414 | B40: 24.09 | C40: 24.35 | D40: 24 | E40: 24.040001 | F40: 66522500 | G40: 20.525669 | H40: =(E40-E39)/E39 -> -0.0098846783 | I40: =(G40-G39)/G39 -> -0.0098846709
A41: 40415 | B41: 24 | C41: 24.219999 | D41: 23.870001 | E41: 24.1 | F41: 47404800 | G41: 20.576898 | H41: =(E41-E40)/E40 -> 0.0024957986 | I41: =(G41-G40)/G40 -> 0.0024958504
A42: 40416 | B42: 24.09 | C42: 24.190001 | D42: 23.790001 | E42: 23.82 | F42: 49105300 | G42: 20.337829 | H42: =(E42-E41)/E41 -> -0.011618257 | I42: =(G42-G41)/G41 -> -0.011618321
A43: 40417 | B43: 23.879999 | C43: 24.02 | D43: 23.51 | E43: 23.93 | F43: 60939400 | G43: 20.431749 | H43: =(E43-E42)/E42 -> 0.0046179681 | I43: =(G43-G42)/G42 -> 0.0046179954
A44: 40420 | B44: 23.74 | C44: 23.82 | D44: 23.6 | E44: 23.639999 | F44: 45453100 | G44: 20.184143 | H44: =(E44-E43)/E43 -> -0.012118721 | I44: =(G44-G43)/G43 -> -0.012118688
... A1509: 42545 | B1509: 49.810001 | C1509: 50.939999 | D1509: 49.52 | E1509: 49.830002 | F1509: 133503000 | G1509: 49.830002 | H1509: =(E1509-E1508)/E1508 -> -0.040069312 | I1509: =(G1509-G1508)/G1508 -> -0.040069312
A1510: 42548 | B1510: 49.099998 | C1510: 49.150002 | D1510: 48.040001 | E1510: 48.43 | F1510: 50216300 | G1510: 48.43 | H1510: =(E1510-E1509)/E1509 -> -0.028095564 | I1510: =(G1510-G1509)/G1509 -> -0.028095564 | J1510: =I1510*100 -> -2.8095564
A1511: 42549 | B1511: 48.919998 | C1511: 49.470001 | D1511: 48.669998 | E1511: 49.439999 | F1511: 38140700 | G1511: 49.439999 | H1511: =(E1511-E1510)/E1510 -> 0.020854821 | I1511: =(G1511-G1510)/G1510 -> 0.020854821
A1512: 42550 | B1512: 49.91 | C1512: 50.720001 | D1512: 49.799999 | E1512: 50.540001 | F1512: 31304000 | G1512: 50.540001 | H1512: =(E1512-E1511)/E1511 -> 0.022249232 | I1512: =(G1512-G1511)/G1511 -> 0.022249232
A1513: 42551 | B1513: 50.720001 | C1513: 51.299999 | D1513: 50.5 | E1513: 51.169998 | F1513: 28527800 | G1513: 51.169998 | H1513: =(E1513-E1512)/E1512 -> 0.012465314 | I1513: =(G1513-G1512)/G1512 -> 0.012465314

Sheet goog
A1: Date | B1: Open | C1: High | D1: Low | E1: Close | F1: Volume | G1: Adj Close | H1: Close Return | I1: Adj Close Return
A2: 40359 | B2: 454.96079 | C2: 457.8308 | D2: 444.72075 | E2: 444.95077 | F2: 7233400 | G2: 222.25313 | L2: Close Return | M2: Adj Close Return
A3: 40360 | B3: 445.29075 | C3: 448.40076 | D3: 433.63074 | E3: 439.49077 | F3: 7053500 | G3: 219.52586 | H3: =(E3-E2)/E2 -> -0.012271029 | I3: =(G3-G2)/G2 -> -0.012271026 | K3: Mean | L3: =AVERAGE(H3:H1513) -> 0.00055109042 | M3: =AVERAGE(I3:I1513) -> 0.00087825152
A4: 40361 | B4: 441.62076 | C4: 442.28076 | D4: 436.00074 | E4: 436.55073 | F4: 3886400 | G4: 218.05731 | H4: =(E4-E3)/E3 -> -0.0066896286 | I4: =(G4-G3)/G3 -> -0.0066896311 | K4: Median | L4: =MEDIAN(H3:H1513) -> 0.00043713473 | M4: =MEDIAN(I3:I1513) -> 0.00043713641
A5: 40365 | B5: 444.00075 | C5: 447.67077 | D5: 433.63074 | E5: 436.07076 | F5: 5139300 | G5: 217.81756 | H5: =(E5-E4)/E4 -> -0.001099469 | I5: =(G5-G4)/G4 -> -0.0010994678 | K5: Min | L5: =MIN(H3:H1513) -> -0.50664629 | M5: =MIN(I3:I1513) -> -0.083775073
A6: 40366 | B6: 438.31076 | C6: 451.29077 | D6: 435.38074 | E6: 450.20076 | F6: 6282800 | G6: 224.8755 | H6: =(E6-E5)/E5 -> 0.032402996 | I6: =(G6-G5)/G5 -> 0.032402993 | K6: Max | L6: =MAX(H3:H1513) -> 0.16052431 | M6: =MAX(I3:I1513) -> 0.16052431
A7: 40367 | B7: 453.55077 | C7: 457.33079 | D7: 449.66078 | E7: 456.56079 | F7: 5357700 | G7: 228.05235 | H7: =(E7-E6)/E6 -> 0.014127106 | I7: =(G7-G6)/G6 -> 0.01412711 | K7: Var | L7: =_xlfn.VAR.S(H3:H1513) -> 0.00042630518 | M7: =_xlfn.VAR.S(I3:I1513) -> 0.00025594385
A8: 40368 | B8: 471.9608 | C8: 473.26082 | D8: 462.78078 | E8: 467.49079 | F8: 8695400 | G8: 233.51188 | H8: =(E8-E7)/E7 -> 0.023939844 | I8: =(G8-G7)/G7 -> 0.023939842 | K8: SD | L8: =_xlfn.STDEV.S(H3:H1513) -> 0.020647159 | M8: =_xlfn.STDEV.S(I3:I1513) -> 0.015998245
A9: 40371 | B9: 472.37081 | C9: 479.44083 | D9: 471.0808 | E9: 475.83081 | F9: 6693700 | G9: 237.67773 | H9: =(E9-E8)/E8 -> 0.017839981 | I9: =(G9-G8)/G8 -> 0.017839983 | K9: Sharpe Ratio | L9: =L3/L8 -> 0.026690859 | M9: =M3/M8 -> 0.05489674
A10: 40372 | B10: 482.25083 | C10: 492.99084 | D10: 480.28082 | E10: 489.20083 | F10: 7982300 | G10: 244.35606 | H10: =(E10-E9)/E9 -> 0.02809826 | I10: =(G10-G9)/G9 -> 0.028098257 | K10: Count | M10: =COUNT(I3:I1513) -> 1511
A11: 40373 | B11: 489.88083 | C11: 493.83083 | D11: 486.46083 | E11: 491.34085 | F11: 6259300 | G11: 245.425 | H11: =(E11-E10)/E10 -> 0.0043745101 | I11: =(G11-G10)/G10 -> 0.0043745099 | K11: Conf Interv | M11: =_xlfn.CONFIDENCE.NORM(0.05,M8,M10) -> 0.00080665571
A12: 40374 | B12: 491.73085 | C12: 494.70084 | D12: 482.68084 | E12: 494.02084 | F12: 9752800 | G12: 246.76366 | H12: =(E12-E11)/E11 -> 0.0054544519 | I12: =(G12-G11)/G11 -> 0.0054544525
A13: 40375 | B13: 469.12081 | C13: 470.56082 | D13: 459.5208 | E13: 459.61079 | F13: 15708200 | G13: 229.57582 | H13: =(E13-E12)/E12 -> -0.069653031 | I13: =(G13-G12)/G12 -> -0.069653028
A14: 40378 | B14: 461.0108 | C14: 469.6508 | D14: 457.52077 | E14: 466.18081 | F14: 9134700 | G14: 232.85755 | H14: =(E14-E13)/E13 -> 0.01429474 | I14: =(G14-G13)/G13 -> 0.014294737
A15: 40379 | B15: 461.0308 | C15: 482.99083 | D15: 460.60079 | E15: 481.59083 | F15: 8139300 | G15: 240.55486 | H15: =(E15-E14)/E14 -> 0.033055884 | I15: =(G15-G14)/G14 -> 0.033055884 | K15: SUMMARY OUTPUT
A16: 40380 | B16: 484.00083 | C16: 485.70082 | D16: 475.43082 | E16: 477.50081 | F16: 6583700 | G16: 238.51189 | H16: =(E16-E15)/E15 -> -0.008492724 | I16: =(G16-G15)/G15 -> -0.0084927197
A17: 40381 | B17: 483.23084 | C17: 488.98083 | D17: 482.48084 | E17: 484.81084 | F17: 4311400 | G17: 242.16325 | H17: =(E17-E16)/E16 -> 0.015308927 | I17: =(G17-G16)/G16 -> 0.015308926 | K17: Regression Statistics
A18: 40382 | B18: 480.77081 | C18: 490.59085 | D18: 480.01083 | E18: 490.06083 | F18: 4545700 | G18: 244.78563 | H18: =(E18-E17)/E17 -> 0.010828947 | I18: =(G18-G17)/G17 -> 0.010828947 | K18: Multiple R | L18: 0.55392861
A19: 40385 | B19: 489.09083 | C19: 490.75084 | D19: 484.88083 | E19: 488.97085 | F19: 4005200 | G19: 244.24118 | H19: =(E19-E18)/E18 -> -0.0022241708 | I19: =(G19-G18)/G18 -> -0.0022241706 | K19: R Square | L19: 0.30683691
A20: 40386 | B20: 490.58084 | C20: 497.50085 | D20: 490.17083 | E20: 492.63085 | F20: 4920700 | G20: 246.06936 | H20: =(E20-E19)/E19 -> 0.007485119 | I20: =(G20-G19)/G19 -> 0.0074851177 | K20: Adjusted R Square | L20: 0.30637756
A21: 40387 | B21: 494.94084 | C21: 495.25084 | D21: 482.67082 | E21: 484.35084 | F21: 5010600 | G21: 241.93348 | H21: =(E21-E20)/E20 -> -0.016807754 | I21: =(G21-G20)/G20 -> -0.016807753 | K21: Standard Error | L21: 0.013323978
A22: 40388 | B22: 485.95084 | C22: 488.88085 | D22: 479.33083 | E22: 484.99083 | F22: 5371000 | G22: 242.25316 | H22: =(E22-E21)/E21 -> 0.0013213439 | I22: =(G22-G21)/G21 -> 0.0013213467 | K22: Observations | L22: 1511
A23: 40389 | B23: 479.65081 | C23: 487.36083 | D23: 479.14082 | E23: 484.85084 | F23: 4304100 | G23: 242.18324 | H23: =(E23-E22)/E22 -> -0.00028864051 | I23: =(G23-G22)/G22 -> -0.00028864432
A24: 40392 | B24: 488.99085 | C24: 493.28083 | D24: 486.94083 | E24: 490.41083 | F24: 3731300 | G24: 244.96045 | H24: =(E24-E23)/E23 -> 0.011467417 | I24: =(G24-G23)/G23 -> 0.01146742 | K24: ANOVA
A25: 40393 | B25: 490.50086 | C25: 492.46085 | D25: 486.76084 | E25: 489.83084 | F25: 3618100 | G25: 244.67075 | H25: =(E25-E24)/E24 -> -0.0011826554 | I25: =(G25-G24)/G24 -> -0.0011826562 | L25: df | M25: SS | N25: MS | O25: F | P25: Significance F
A26: 40394 | B26: 492.18084 | C26: 507.00088 | D26: 491.05085 | E26: 506.32085 | F26: 7653500 | G26: 252.90752 | H26: =(E26-E25)/E25 -> 0.033664708 | I26: =(G26-G25)/G25 -> 0.033664707 | K26: Regression | L26: 1 | M26: 0.11858486 | N26: 0.11858486 | O26: 667.97685 | P26: 3.0113034e-122
A27: 40395 | B27: 505.89087 | C27: 508.60089 | D27: 503.56088 | E27: 508.10088 | F27: 4858900 | G27: 253.79664 | H27: =(E27-E26)/E26 -> 0.0035156107 | I27: =(G27-G26)/G26 -> 0.0035156092 | K27: Residual | L27: 1509 | M27: 0.26789036 | N27: 0.0001775284
A28: 40396 | B28: 505.40088 | C28: 505.74087 | D28: 496.05086 | E28: 500.22085 | F28: 6663800 | G28: 249.86057 | H28: =(E28-E27)/E27 -> -0.015508782 | I28: =(G28-G27)/G27 -> -0.015508779 | K28: Total | L28: 1510 | M28: 0.38647522
A29: 40399 | B29: 502.25087 | C29: 505.50086 | D29: 501.36086 | E29: 505.35086 | F29: 3758300 | G29: 252.42301 | H29: =(E29-E28)/E28 -> 0.010255482 | I29: =(G29-G28)/G28 -> 0.01025548
A30: 40400 | B30: 502.35085 | C30: 506.00087 | D30: 498.57086 | E30: 503.71085 | F30: 4163400 | G30: 251.60382 | H30: =(E30-E29)/E29 -> -0.0032452859 | I30: =(G30-G29)/G29 -> -0.0032452866 | L30: Coefficients | M30: Standard Error | N30: t Stat | O30: P-value | P30: Lower 95% | Q30: Upper 95% | R30: Lower 95.0% | S30: Upper 95.0%
A31: 40401 | B31: 497.73084 | C31: 498.00086 | D31: 491.50084 | E31: 491.74084 | F31: 4462600 | G31: 245.6248 | H31: =(E31-E30)/E30 -> -0.023763657 | I31: =(G31-G30)/G30 -> -0.023763657 | K31: Intercept | L31: 0.00044716465 | M31: 0.0003431747 | N31: 1.3030233 | O31: 0.19276558 | P31: -0.00022598533 | Q31: 0.0011203146 | R31: -0.00022598533 | S31: 0.0011203146
A32: 40402 | B32: 483.94083 | C32: 494.75083 | D32: 482.51083 | E32: 492.01083 | F32: 4425700 | G32: 245.75966 | H32: =(E32-E31)/E31 -> 0.00054904937 | I32: =(G32-G31)/G31 -> 0.0005490488 | K32: X Variable 1 | L32: 0.97271782 | M32: 0.037636235 | N32: 25.845248 | O32: 3.0113034e-122 | P32: 0.89889294 | Q32: 1.0465427 | R32: 0.89889294 | S32: 1.0465427
A33: 40403 | B33: 489.00084 | C33: 491.19084 | D33: 486.01085 | E33: 486.35083 | F33: 3883800 | G33: 242.93248 | H33: =(E33-E32)/E32 -> -0.011503812 | I33: =(G33-G32)/G32 -> -0.011503813
A34: 40406 | B34: 483.68082 | C34: 489.87085 | D34: 480.50082 | E34: 485.59082 | F34: 2619700 | G34: 242.55286 | H34: =(E34-E33)/E33 -> -0.0015626806 | I34: =(G34-G33)/G33 -> -0.001562677
A35: 40407 | B35: 488.53085 | C35: 494.70084 | D35: 486.03085 | E35: 490.52083 | F35: 3795400 | G35: 245.0154 | H35: =(E35-E34)/E34 -> 0.010152599 | I35: =(G35-G34)/G34 -> 0.010152595
A36: 40408 | B36: 490.44085 | C36: 490.87083 | D36: 481.55082 | E36: 482.15081 | F36: 5392800 | G36: 240.83457 | H36: =(E36-E35)/E35 -> -0.017063528 | I36: =(G36-G35)/G35 -> -0.017063523
A37: 40409 | B37: 481.01081 | C37: 482.51083 | D37: 467.25079 | E37: 467.97079 | F37: 7879300 | G37: 233.75164 | H37: =(E37-E36)/E36 -> -0.029409927 | I37: =(G37-G36)/G36 -> -0.02940993
A38: 40410 | B38: 467.97079 | C38: 471.59082 | D38: 461.02078 | E38: 462.0208 | F38: 7864500 | G38: 230.77962 | H38: =(E38-E37)/E37 -> -0.012714456 | I38: =(G38-G37)/G37 -> -0.012714456
A39: 40413 | B39: 461.50079 | C39: 468.2508 | D39: 457.73078 | E39: 464.07079 | F39: 5994700 | G39: 231.80359 | H39: =(E39-E38)/E38 -> 0.0044370016 | I39: =(G39-G38)/G38 -> 0.0044370036
A40: 40414 | B40: 457.7008 | C40: 458.37078 | D40: 450.92077 | E40: 451.39078 | F40: 5546000 | G40: 225.46992 | H40: =(E40-E39)/E39 -> -0.027323422 | I40: =(G40-G39)/G39 -> -0.027323421
A41: 40415 | B41: 450.00076 | C41: 457.81079 | D41: 450.00076 | E41: 454.62078 | F41: 5203500 | G41: 227.0833 | H41: =(E41-E40)/E40 -> 0.0071556468 | I41: =(G41-G40)/G40 -> 0.0071556462
A42: 40416 | B42: 456.06079 | C42: 457.2608 | D42: 450.44076 | E42: 450.98077 | F42: 3567200 | G42: 225.26512 | H42: =(E42-E41)/E41 -> -0.0080066776 | I42: =(G42-G41)/G41 -> -0.0080066784
A43: 40417 | B43: 452.56077 | C43: 459.99078 | D43: 447.65077 | E43: 458.83078 | F43: 4642100 | G43: 229.1862 | H43: =(E43-E42)/E42 -> 0.01740652 | I43: =(G43-G42)/G42 -> 0.017406521
A44: 40420 | B44: 459.15079 | C44: 459.7608 | D44: 452.42079 | E44: 452.69077 | F44: 2471900 | G44: 226.11927 | H44: =(E44-E43)/E43 -> -0.013381851 | I44: =(G44-G43)/G43 -> -0.013381853
... A1513: 42551 | B1513: 685.46997 | C1513: 692.32001 | D1513: 683.65002 | E1513: 692.09998 | F1513: 1597700 | G1513: 692.09998 | H1513: =(E1513-E1512)/E1512 -> 0.011679395 | I1513: =(G1513-G1512)/G1512 -> 0.011679395

Sheet dis
A1: Date | B1: Open | C1: High | D1: Low | E1: Close | F1: Volume | G1: Adj Close | H1: Close Return | I1: Adj Close Return
A2: 40359 | B2: 32.16 | C2: 32.509998 | D2: 31.360001 | E2: 31.5 | F2: 17186400 | G2: 28.872496 | L2: Close Return | M2: Adj Close Return
A3: 40360 | B3: 31.469999 | C3: 32.099998 | D3: 30.91 | E3: 31.49 | F3: 19906200 | G3: 28.86333 | H3: =(E3-E2)/E2 -> -0.00031746032 | I3: =(G3-G2)/G2 -> -0.00031746476 | K3: Mean | L3: =AVERAGE(H3:H1513) -> 0.00084511813 | M3: =AVERAGE(I3:I1513) -> 0.0008977099
A4: 40361 | B4: 31.559999 | C4: 31.68 | D4: 30.719999 | E4: 31.379999 | F4: 15597300 | G4: 28.762505 | H4: =(E4-E3)/E3 -> -0.0034932042 | I4: =(G4-G3)/G3 -> -0.0034931867 | K4: Median | L4: =MEDIAN(H3:H1513) -> 0.0012184606 | M4: =MEDIAN(I3:I1513) -> 0.0012436443
A5: 40365 | B5: 31.77 | C5: 32.299999 | D5: 31.379999 | E5: 31.719999 | F5: 15215500 | G5: 29.074145 | H5: =(E5-E4)/E4 -> 0.010834927 | I5: =(G5-G4)/G4 -> 0.010834939 | K5: Min | L5: =MIN(H3:H1513) -> -0.091708463 | M5: =MIN(I3:I1513) -> -0.091708467
A6: 40366 | B6: 31.73 | C6: 33.169998 | D6: 31.66 | E6: 33.139999 | F6: 14309500 | G6: 30.375698 | H6: =(E6-E5)/E5 -> 0.04476671 | I6: =(G6-G5)/G5 -> 0.044766682 | K6: Max | L6: =MAX(H3:H1513) -> 0.076301819 | M6: =MAX(I3:I1513) -> 0.076301815
A7: 40367 | B7: 33.330002 | C7: 33.540001 | D7: 32.900002 | E7: 33.34 | F7: 10044000 | G7: 30.559017 | H7: =(E7-E6)/E6 -> 0.0060350334 | I7: =(G7-G6)/G6 -> 0.0060350547 | K7: Var | L7: =_xlfn.VAR.S(H3:H1513) -> 0.00018920611 | M7: =_xlfn.VAR.S(I3:I1513) -> 0.00018860985
A8: 40368 | B8: 33.380001 | C8: 33.799999 | D8: 33.369999 | E8: 33.75 | F8: 8530900 | G8: 30.934817 | H8: =(E8-E7)/E7 -> 0.01229754 | I8: =(G8-G7)/G7 -> 0.012297516 | K8: SD | L8: =_xlfn.STDEV.S(H3:H1513) -> 0.013755221 | M8: =_xlfn.STDEV.S(I3:I1513) -> 0.01373353
A9: 40371 | B9: 33.580002 | C9: 33.889999 | D9: 33.389999 | E9: 33.77 | F9: 10094300 | G9: 30.953149 | H9: =(E9-E8)/E8 -> 0.00059259259 | I9: =(G9-G8)/G8 -> 0.00059260089 | K9: Sharpe Ratio | L9: =L3/L8 -> 0.061439806 | M9: =M3/M8 -> 0.065366289
A10: 40372 | B10: 34.110001 | C10: 34.669998 | D10: 33.959999 | E10: 34.450001 | F10: 8653000 | G10: 31.576429 | H10: =(E10-E9)/E9 -> 0.020136245 | I10: =(G10-G9)/G9 -> 0.020136239 | K10: Count | M10: =COUNT(I3:I1513) -> 1511
A11: 40373 | B11: 34.240002 | C11: 34.509998 | D11: 33.919998 | E11: 34.240002 | F11: 7955100 | G11: 31.383946 | H11: =(E11-E10)/E10 -> -0.0060957618 | I11: =(G11-G10)/G10 -> -0.0060957811 | K11: Conf Interv | M11: =_xlfn.CONFIDENCE.NORM(0.05,M8,M10) -> 0.00069246535
A12: 40374 | B12: 34.150002 | C12: 34.419998 | D12: 33.599998 | E12: 34.049999 | F12: 10656300 | G12: 31.209793 | H12: =(E12-E11)/E11 -> -0.0055491527 | I12: =(G12-G11)/G11 -> -0.005549111
A13: 40375 | B13: 33.889999 | C13: 34 | D13: 32.919998 | E13: 33.029999 | F13: 13060100 | G13: 30.274873 | H13: =(E13-E12)/E12 -> -0.029955948 | I13: =(G13-G12)/G12 -> -0.029955982
A14: 40378 | B14: 33.09 | C14: 33.5 | D14: 32.990002 | E14: 33.310001 | F14: 9647000 | G14: 30.53152 | H14: =(E14-E13)/E13 -> 0.0084772028 | I14: =(G14-G13)/G13 -> 0.008477228
A15: 40379 | B15: 33.330002 | C15: 33.450001 | D15: 32.799999 | E15: 33.400002 | F15: 11632000 | G15: 30.614013 | H15: =(E15-E14)/E14 -> 0.0027019213 | I15: =(G15-G14)/G14 -> 0.0027018963 | K15: SUMMARY OUTPUT
A16: 40380 | B16: 33.470001 | C16: 33.599998 | D16: 32.630001 | E16: 32.810001 | F16: 10151100 | G16: 30.073226 | H16: =(E16-E15)/E15 -> -0.0176647 | I16: =(G16-G15)/G15 -> -0.017664688
A17: 40381 | B17: 33.09 | C17: 33.77 | D17: 33.049999 | E17: 33.59 | F17: 9984500 | G17: 30.788163 | H17: =(E17-E16)/E16 -> 0.023773209 | I17: =(G17-G16)/G16 -> 0.023773206 | K17: Regression Statistics
A18: 40382 | B18: 33.52 | C18: 34.209999 | D18: 33.450001 | E18: 34.130001 | F18: 10790200 | G18: 31.283121 | H18: =(E18-E17)/E17 -> 0.016076243 | I18: =(G18-G17)/G17 -> 0.016076243 | K18: Multiple R | L18: 0.7493255
A19: 40385 | B19: 34.09 | C19: 34.720001 | D19: 34.09 | E19: 34.400002 | F19: 10104400 | G19: 31.5306 | H19: =(E19-E18)/E18 -> 0.0079109579 | I19: =(G19-G18)/G18 -> 0.0079109434 | K19: R Square | L19: 0.5614887
A20: 40386 | B20: 34.66 | C20: 34.66 | D20: 33.959999 | E20: 34.279999 | F20: 7103000 | G20: 31.420607 | H20: =(E20-E19)/E19 -> -0.0034884591 | I20: =(G20-G19)/G19 -> -0.0034884525 | K20: Adjusted R Square | L20: 0.56119811
A21: 40387 | B21: 34.189999 | C21: 34.209999 | D21: 33.799999 | E21: 34.040001 | F21: 6089200 | G21: 31.200628 | H21: =(E21-E20)/E20 -> -0.0070011087 | I21: =(G21-G20)/G20 -> -0.007001106 | K21: Standard Error | L21: 0.009097382
A22: 40388 | B22: 34.220001 | C22: 34.799999 | D22: 33.419998 | E22: 33.709999 | F22: 9938400 | G22: 30.898153 | H22: =(E22-E21)/E21 -> -0.0096945356 | I22: =(G22-G21)/G21 -> -0.0096945164 | K22: Observations | L22: 1511
A23: 40389 | B23: 33.369999 | C23: 33.880001 | D23: 33.02 | E23: 33.689999 | F23: 7805000 | G23: 30.879821 | H23: =(E23-E22)/E22 -> -0.00059329578 | I23: =(G23-G22)/G22 -> -0.00059330407
A24: 40392 | B24: 34.139999 | C24: 34.68 | D24: 34.130001 | E24: 34.48 | F24: 9948800 | G24: 31.603925 | H24: =(E24-E23)/E23 -> 0.023449125 | I24: =(G24-G23)/G23 -> 0.0234491 | K24: ANOVA
A25: 40393 | B25: 34.439999 | C25: 34.549999 | D25: 34.02 | E25: 34.209999 | F25: 8503300 | G25: 31.356446 | H25: =(E25-E24)/E24 -> -0.0078306555 | I25: =(G25-G24)/G24 -> -0.0078306413 | L25: df | M25: SS | N25: MS | O25: F | P25: Significance F
A26: 40394 | B26: 34.41 | C26: 34.959999 | D26: 34.139999 | E26: 34.830002 | F26: 9840700 | G26: 31.924733 | H26: =(E26-E25)/E25 -> 0.018123444 | I26: =(G26-G25)/G25 -> 0.018123451 | K26: Regression | L26: 1 | M26: 0.15991247 | N26: 0.15991247 | O26: 1932.1884 | P26: 2.0517829e-272
A27: 40395 | B27: 34.68 | C27: 35.049999 | D27: 34.560001 | E27: 34.98 | F27: 8407300 | G27: 32.062219 | H27: =(E27-E26)/E26 -> 0.0043065745 | I27: =(G27-G26)/G26 -> 0.0043065669 | K27: Residual | L27: 1509 | M27: 0.1248884 | N27: 8.276236e-05
A28: 40396 | B28: 34.580002 | C28: 35.09 | D28: 34.389999 | E28: 35 | F28: 8061700 | G28: 32.080551 | H28: =(E28-E27)/E27 -> 0.00057175529 | I28: =(G28-G27)/G27 -> 0.0005717633 | K28: Total | L28: 1510 | M28: 0.28480087
A29: 40399 | B29: 34.959999 | C29: 35.23 | D29: 34.900002 | E29: 35.16 | F29: 7809300 | G29: 32.227205 | H29: =(E29-E28)/E28 -> 0.0045714286 | I29: =(G29-G28)/G28 -> 0.0045714302
A30: 40400 | B30: 34.889999 | C30: 35.41 | D30: 34.73 | E30: 35.290001 | F30: 12353400 | G30: 32.346362 | H30: =(E30-E29)/E29 -> 0.0036974118 | I30: =(G30-G29)/G29 -> 0.0036974041 | L30: Coefficients | M30: Standard Error | N30: t Stat | O30: P-value | P30: Lower 95% | Q30: Upper 95% | R30: Lower 95.0% | S30: Upper 95.0%
A31: 40401 | B31: 34.77 | C31: 34.77 | D31: 34.130001 | E31: 34.220001 | F31: 15028900 | G31: 31.365614 | H31: =(E31-E30)/E30 -> -0.030320203 | I31: =(G31-G30)/G30 -> -0.030320195 | K31: Intercept | L31: 0.00039710933 | M31: 0.00023431375 | N31: 1.694776 | O31: 0.090324239 | P31: -6.2505833e-05 | Q31: 0.0008567245 | R31: -6.2505833e-05 | S31: 0.0008567245
A32: 40402 | B32: 33.849998 | C32: 34.299999 | D32: 33.709999 | E32: 33.990002 | F32: 11809600 | G32: 31.1548 | H32: =(E32-E31)/E31 -> -0.0067211862 | I32: =(G32-G31)/G31 -> -0.006721182 | K32: X Variable 1 | L32: 1.1295707 | M32: 0.02569737 | N32: 43.956665 | O32: 2.0517829e-272 | P32: 1.0791643 | Q32: 1.179977 | R32: 1.0791643 | S32: 1.179977
A33: 40403 | B33: 33.790001 | C33: 33.810001 | D33: 33.41 | E33: 33.68 | F33: 11058100 | G33: 30.870656 | H33: =(E33-E32)/E32 -> -0.0091203878 | I33: =(G33-G32)/G32 -> -0.0091203924
A34: 40406 | B34: 33.439999 | C34: 33.75 | D34: 33.110001 | E34: 33.66 | F34: 6917800 | G34: 30.852324 | H34: =(E34-E33)/E33 -> -0.00059382423 | I34: =(G34-G33)/G33 -> -0.00059383254
A35: 40407 | B35: 33.919998 | C35: 33.990002 | D35: 33.509998 | E35: 33.759998 | F35: 9875200 | G35: 30.943981 | H35: =(E35-E34)/E34 -> 0.0029708259 | I35: =(G35-G34)/G34 -> 0.0029708297
A36: 40408 | B36: 33.810001 | C36: 34.220001 | D36: 33.400002 | E36: 33.91 | F36: 8325000 | G36: 31.081471 | H36: =(E36-E35)/E35 -> 0.0044431875 | I36: =(G36-G35)/G35 -> 0.0044431904
A37: 40409 | B37: 33.720001 | C37: 33.779999 | D37: 33.060001 | E37: 33.189999 | F37: 12070700 | G37: 30.421527 | H37: =(E37-E36)/E36 -> -0.021232704 | I37: =(G37-G36)/G36 -> -0.021232715
A38: 40410 | B38: 33 | C38: 33.200001 | D38: 32.709999 | E38: 33.049999 | F38: 8632700 | G38: 30.293205 | H38: =(E38-E37)/E37 -> -0.0042181381 | I38: =(G38-G37)/G37 -> -0.0042181315
A39: 40413 | B39: 33.23 | C39: 33.549999 | D39: 32.799999 | E39: 32.93 | F39: 8046500 | G39: 30.183216 | H39: =(E39-E38)/E38 -> -0.0036308322 | I39: =(G39-G38)/G38 -> -0.0036308142
A40: 40414 | B40: 32.490002 | C40: 32.700001 | D40: 31.969999 | E40: 32.139999 | F40: 14229700 | G40: 29.459111 | H40: =(E40-E39)/E39 -> -0.023990313 | I40: =(G40-G39)/G39 -> -0.02399032
A41: 40415 | B41: 31.870001 | C41: 32.240002 | D41: 31.549999 | E41: 32.110001 | F41: 14144000 | G41: 29.431615 | H41: =(E41-E40)/E40 -> -0.0009333541 | I41: =(G41-G40)/G40 -> -0.0009333615
A42: 40416 | B42: 32.18 | C42: 32.439999 | D42: 31.879999 | E42: 31.940001 | F42: 10120500 | G42: 29.275795 | H42: =(E42-E41)/E41 -> -0.0052943007 | I42: =(G42-G41)/G41 -> -0.0052943068
A43: 40417 | B43: 32.130001 | C43: 32.849998 | D43: 31.58 | E43: 32.779999 | F43: 11144000 | G43: 30.045726 | H43: =(E43-E42)/E42 -> 0.026299248 | I43: =(G43-G42)/G42 -> 0.026299235
A44: 40420 | B44: 32.73 | C44: 32.990002 | D44: 32.32 | E44: 32.349998 | F44: 7057900 | G44: 29.651594 | H44: =(E44-E43)/E43 -> -0.013117786 | I44: =(G44-G43)/G43 -> -0.013117739
... A1513: 42551 | B1513: 97.099998 | C1513: 98.07 | D1513: 96.879997 | E1513: 97.82 | F1513: 7189500 | G1513: 97.114541 | H1513: =(E1513-E1512)/E1512 -> 0.0086615485 | I1513: =(G1513-G1512)/G1512 -> 0.0086615369

Sheet cop
A1: Date | B1: Open | C1: High | D1: Low | E1: Close | F1: Volume | G1: Adj Close | H1: Close Return | I1: Adj Close Return
A2: 40359 | B2: 49.719965 | C2: 50.28996 | D2: 48.969958 | E2: 49.089961 | F2: 19329600 | G2: 29.174816 | L2: Close Return | M2: Adj Close Return
A3: 40360 | B3: 49.239964 | C3: 49.569958 | D3: 48.059956 | E3: 48.869962 | F3: 18899300 | G3: 29.044067 | H3: =(E3-E2)/E2 -> -0.0044815477 | I3: =(G3-G2)/G2 -> -0.0044815707 | K3: Mean | L3: =AVERAGE(H3:H1513) -> 7.9920205e-05 | M3: =AVERAGE(I3:I1513) -> 0.00040281925
A4: 40361 | B4: 49.169967 | C4: 49.359967 | D4: 48.409957 | E4: 48.819956 | F4: 9494200 | G4: 29.014348 | H4: =(E4-E3)/E3 -> -0.0010232461 | I4: =(G4-G3)/G3 -> -0.0010232382 | K4: Median | L4: =MEDIAN(H3:H1513) -> 0.00022941715 | M4: =MEDIAN(I3:I1513) -> 0.00044652962
A5: 40365 | B5: 49.969964 | C5: 50.249967 | D5: 48.609965 | E5: 49.199956 | F5: 20722400 | G5: 29.240187 | H5: =(E5-E4)/E4 -> 0.0077837022 | I5: =(G5-G4)/G4 -> 0.0077837007 | K5: Min | L5: =MIN(H3:H1513) -> -0.21108423 | M5: =MIN(I3:I1513) -> -0.092115684
A6: 40366 | B6: 49.269968 | C6: 51.259966 | D6: 49.269968 | E6: 51.159965 | F6: 15830600 | G6: 30.405046 | H6: =(E6-E5)/E5 -> 0.039837617 | I6: =(G6-G5)/G5 -> 0.039837604 | K6: Max | L6: =MAX(H3:H1513) -> 0.066389988 | M6: =MAX(I3:I1513) -> 0.06638998
A7: 40367 | B7: 52.159955 | C7: 52.169954 | D7: 50.959957 | E7: 51.549963 | F7: 11443900 | G7: 30.636827 | H7: =(E7-E6)/E6 -> 0.0076231092 | I7: =(G7-G6)/G6 -> 0.0076231097 | K7: Var | L7: =_xlfn.VAR.S(H3:H1513) -> 0.00031121112 | M7: =_xlfn.VAR.S(I3:I1513) -> 0.0002810076
A8: 40368 | B8: 51.649959 | C8: 52.469958 | D8: 51.39996 | E8: 52.299965 | F8: 11313200 | G8: 31.082563 | H8: =(E8-E7)/E7 -> 0.014549031 | I8: =(G8-G7)/G7 -> 0.014549026 | K8: SD | L8: =_xlfn.STDEV.S(H3:H1513) -> 0.017641177 | M8: =_xlfn.STDEV.S(I3:I1513) -> 0.016763281
A9: 40371 | B9: 52.039958 | C9: 52.639957 | D9: 51.77996 | E9: 52.099956 | F9: 12374900 | G9: 30.963696 | H9: =(E9-E8)/E8 -> -0.0038242664 | I9: =(G9-G8)/G8 -> -0.0038242342 | K9: Sharpe Ratio | L9: =L3/L8 -> 0.0045303216 | M9: =M3/M8 -> 0.024029856
A10: 40372 | B10: 52.889956 | C10: 53.649956 | D10: 52.689958 | E10: 53.219965 | F10: 11283200 | G10: 31.629332 | H10: =(E10-E9)/E9 -> 0.021497312 | I10: =(G10-G9)/G9 -> 0.021497304 | K10: Count | M10: =COUNT(I3:I1513) -> 1511
A11: 40373 | B11: 53.089964 | C11: 53.459956 | D11: 52.469958 | E11: 52.799952 | F11: 10444800 | G11: 31.379713 | H11: =(E11-E10)/E10 -> -0.0078920195 | I11: =(G11-G10)/G10 -> -0.0078920099 | K11: Conf Interv | M11: =_xlfn.CONFIDENCE.NORM(0.05,M8,M10) -> 0.00084522998
A12: 40374 | B12: 52.739963 | C12: 53.029965 | D12: 52.059959 | E12: 52.859956 | F12: 9567500 | G12: 31.415374 | H12: =(E12-E11)/E11 -> 0.0011364404 | I12: =(G12-G11)/G11 -> 0.0011364349
A13: 40375 | B13: 52.599959 | C13: 52.799952 | D13: 51.599954 | E13: 51.849958 | F13: 11406400 | G13: 30.815118 | H13: =(E13-E12)/E12 -> -0.019107053 | I13: =(G13-G12)/G12 -> -0.019107078
A14: 40378 | B14: 52.199953 | C14: 52.279958 | D14: 51.489959 | E14: 51.839959 | F14: 9327000 | G14: 30.809176 | H14: =(E14-E13)/E13 -> -0.0001928449 | I14: =(G14-G13)/G13 -> -0.00019282743
A15: 40379 | B15: 50.999954 | C15: 52.859956 | D15: 50.799961 | E15: 52.659958 | F15: 12506700 | G15: 31.296512 | H15: =(E15-E14)/E14 -> 0.015817894 | I15: =(G15-G14)/G14 -> 0.015817885 | K15: SUMMARY OUTPUT
A16: 40380 | B16: 53.079956 | C16: 53.129962 | D16: 51.649959 | E16: 52.119963 | F16: 11407400 | G16: 30.975586 | H16: =(E16-E15)/E15 -> -0.010254376 | I16: =(G16-G15)/G15 -> -0.01025437
A17: 40381 | B17: 52.789959 | C17: 53.889961 | D17: 52.56996 | E17: 53.269956 | F17: 11721700 | G17: 31.659042 | H17: =(E17-E16)/E16 -> 0.022064348 | I17: =(G17-G16)/G16 -> 0.022064344 | K17: Regression Statistics
A18: 40382 | B18: 53.229958 | C18: 53.859957 | D18: 52.759955 | E18: 53.78996 | F18: 10457800 | G18: 31.968087 | H18: =(E18-E17)/E17 -> 0.009761675 | I18: =(G18-G17)/G17 -> 0.0097616662 | K18: Multiple R | L18: 0.63510364
A19: 40385 | B19: 53.989958 | C19: 54.70996 | D19: 53.769959 | E19: 54.429957 | F19: 8437900 | G19: 32.348446 | H19: =(E19-E18)/E18 -> 0.011898075 | I19: =(G19-G18)/G18 -> 0.011898084 | K19: R Square | L19: 0.40335663
A20: 40386 | B20: 54.729962 | C20: 54.949951 | D20: 54.119954 | E20: 54.439955 | F20: 10823000 | G20: 32.354388 | H20: =(E20-E19)/E19 -> 0.00018368561 | I20: =(G20-G19)/G19 -> 0.00018368734 | K20: Adjusted R Square | L20: 0.40296124
A21: 40387 | B21: 55.019963 | C21: 55.19995 | D21: 53.809951 | E21: 54.439955 | F21: 14859400 | G21: 32.354388 | H21: =(E21-E20)/E20 -> 0 | I21: =(G21-G20)/G20 -> 0 | K21: Standard Error | L21: 0.0129527
A22: 40388 | B22: 54.679961 | C22: 55.549951 | D22: 54.119954 | E22: 54.559958 | F22: 14933200 | G22: 32.756641 | H22: =(E22-E21)/E21 -> 0.0022043185 | I22: =(G22-G21)/G21 -> 0.012432719 | K22: Observations | L22: 1511
A23: 40389 | B23: 54.099963 | C23: 55.76995 | D23: 53.889961 | E23: 55.219956 | F23: 15913200 | G23: 33.15289 | H23: =(E23-E22)/E22 -> 0.012096747 | I23: =(G23-G22)/G22 -> 0.012096753
A24: 40392 | B24: 55.999963 | C24: 57.699959 | D24: 55.919952 | E24: 57.529956 | F24: 17988000 | G24: 34.539765 | H24: =(E24-E23)/E23 -> 0.041832703 | I24: =(G24-G23)/G23 -> 0.041832703 | K24: ANOVA
A25: 40393 | B25: 56.869952 | C25: 57.889959 | D25: 56.799955 | E25: 57.559955 | F25: 12997800 | G25: 34.557776 | H25: =(E25-E24)/E24 -> 0.00052145008 | I25: =(G25-G24)/G24 -> 0.00052145694 | L25: df | M25: SS | N25: MS | O25: F | P25: Significance F
A26: 40394 | B26: 57.549957 | C26: 58.029953 | D26: 57.049959 | E26: 57.419961 | F26: 13312800 | G26: 34.473726 | H26: =(E26-E25)/E25 -> -0.0024321423 | I26: =(G26-G25)/G25 -> -0.0024321588 | K26: Regression | L26: 1 | M26: 0.17115288 | N26: 0.17115288 | O26: 1020.149 | P26: 1.9323394e-171
A27: 40395 | B27: 56.999953 | C27: 57.819952 | D27: 56.87996 | E27: 57.699959 | F27: 11103600 | G27: 34.641832 | H27: =(E27-E26)/E26 -> 0.0048763182 | I27: =(G27-G26)/G26 -> 0.0048763513 | K27: Residual | L27: 1509 | M27: 0.2531686 | N27: 0.00016777243
A28: 40396 | B28: 57.039961 | C28: 57.539949 | D28: 56.239953 | E28: 56.929956 | F28: 12876900 | G28: 34.179538 | H28: =(E28-E27)/E27 -> -0.013344949 | I28: =(G28-G27)/G27 -> -0.013344964 | K28: Total | L28: 1510 | M28: 0.42432148
A29: 40399 | B29: 57.249952 | C29: 57.569948 | D29: 57.089952 | E29: 57.309951 | F29: 8365100 | G29: 34.407679 | H29: =(E29-E28)/E28 -> 0.0066747812 | I29: =(G29-G28)/G28 -> 0.006674783
A30: 40400 | B30: 56.519952 | C30: 57.279952 | D30: 56.319959 | E30: 56.869952 | F30: 12286600 | G30: 34.143513 | H30: =(E30-E29)/E29 -> -0.0076775323 | I30: =(G30-G29)/G29 -> -0.0076775304 | L30: Coefficients | M30: Standard Error | N30: t Stat | O30: P-value | P30: Lower 95% | Q30: Upper 95% | R30: Lower 95.0% | S30: Upper 95.0%
A31: 40401 | B31: 55.95995 | C31: 55.999963 | D31: 55.19995 | E31: 55.509953 | F31: 13870600 | G31: 33.326998 | H31: =(E31-E30)/E30 -> -0.023914193 | I31: =(G31-G30)/G30 -> -0.023914206 | K31: Intercept | L31: -0.00011507642 | M31: 0.00033361198 | N31: -0.34494091 | O31: 0.73018686 | P31: -0.00076946877 | Q31: 0.00053931593 | R31: -0.00076946877 | S31: 0.00053931593
A32: 40402 | B32: 54.939958 | C32: 55.639954 | D32: 54.599951 | E32: 55.349957 | F32: 10271300 | G32: 33.23094 | H32: =(E32-E31)/E31 -> -0.0028822939 | I32: =(G32-G31)/G31 -> -0.0028822878 | K32: X Variable 1 | L32: 1.1685959 | M32: 0.036587484 | N32: 31.939772 | O32: 1.9323394e-171 | P32: 1.0968282 | Q32: 1.2403636 | R32: 1.0968282 | S32: 1.2403636
A33: 40403 | B33: 54.859963 | C33: 55.439956 | D33: 54.839956 | E33: 55.019963 | F33: 8487100 | G33: 33.032819 | H33: =(E33-E32)/E32 -> -0.0059619559 | I33: =(G33-G32)/G32 -> -0.0059619439
A34: 40406 | B34: 54.799959 | C34: 54.969957 | D34: 54.299961 | E34: 54.92996 | F34: 9422000 | G34: 32.978783 | H34: =(E34-E33)/E33 -> -0.0016358244 | I34: =(G34-G33)/G33 -> -0.0016358277
A35: 40407 | B35: 55.379957 | C35: 56.249961 | D35: 54.92996 | E35: 55.869962 | F35: 11578100 | G35: 33.54314 | H35: =(E35-E34)/E34 -> 0.017112738 | I35: =(G35-G34)/G34 -> 0.01711273
A36: 40408 | B36: 55.859953 | C36: 55.929965 | D36: 54.919962 | E36: 55.419954 | F36: 7930300 | G36: 33.272965 | H36: =(E36-E35)/E35 -> -0.0080545607 | I36: =(G36-G35)/G35 -> -0.008054553
A37: 40409 | B37: 55.109962 | C37: 55.259954 | D37: 54.319962 | E37: 54.70996 | F37: 9833700 | G37: 32.8467 | H37: =(E37-E36)/E36 -> -0.012811162 | I37: =(G37-G36)/G36 -> -0.012811152
A38: 40410 | B38: 54.289963 | C38: 54.469955 | D38: 53.289962 | E38: 53.889961 | F38: 12857700 | G38: 32.35439 | H38: =(E38-E37)/E37 -> -0.014988112 | I38: =(G38-G37)/G37 -> -0.014988111
A39: 40413 | B39: 54.099963 | C39: 54.569951 | D39: 53.589952 | E39: 53.709955 | F39: 14878700 | G39: 32.246317 | H39: =(E39-E38)/E38 -> -0.0033402511 | I39: =(G39-G38)/G38 -> -0.0033402886
A40: 40414 | B40: 53.089964 | C40: 53.969952 | D40: 52.999961 | E40: 53.429956 | F40: 14798000 | G40: 32.078212 | H40: =(E40-E39)/E39 -> -0.0052131677 | I40: =(G40-G39)/G39 -> -0.0052131535
A41: 40415 | B41: 52.999961 | C41: 53.689963 | D41: 52.329964 | E41: 53.459956 | F41: 10557100 | G41: 32.096223 | H41: =(E41-E40)/E40 -> 0.00056148278 | I41: =(G41-G40)/G40 -> 0.00056147144
A42: 40416 | B42: 53.749952 | C42: 53.839956 | D42: 52.099956 | E42: 52.409959 | F42: 12361900 | G42: 31.465828 | H42: =(E42-E41)/E41 -> -0.019640813 | I42: =(G42-G41)/G41 -> -0.019640785
A43: 40417 | B43: 52.959953 | C43: 53.889961 | D43: 52.099956 | E43: 53.419958 | F43: 14199200 | G43: 32.07221 | H43: =(E43-E42)/E42 -> 0.019271127 | I43: =(G43-G42)/G42 -> 0.019271128
A44: 40420 | B44: 53.189961 | C44: 53.539961 | D44: 52.649965 | E44: 52.669956 | F44: 8570800 | G44: 31.621925 | H44: =(E44-E43)/E43 -> -0.014039734 | I44: =(G44-G43)/G43 -> -0.014039725
... A1513: 42551 | B1513: 43.720001 | C1513: 44.119999 | D1513: 43.209999 | E1513: 43.599998 | F1513: 9342200 | G1513: 43.34066 | H1513: =(E1513-E1512)/E1512 -> -0.0070599408 | I1513: =(G1513-G1512)/G1512 -> -0.0070599392

Sheet bidu
A1: Date | B1: Open | C1: High | D1: Low | E1: Close | F1: Volume | G1: Adj Close | H1: Close Return | I1: Adj Close Return
A2: 40359 | B2: 67.980003 | C2: 70.349998 | D2: 67.68 | E2: 68.080002 | F2: 15191200 | G2: 68.080002 | L2: Close Return | M2: Adj Close Return
A3: 40360 | B3: 69.349998 | C3: 69.879997 | D3: 65.900002 | E3: 68.550003 | F3: 11540100 | G3: 68.550003 | H3: =(E3-E2)/E2 -> 0.0069036573 | I3: =(G3-G2)/G2 -> 0.0069036573 | K3: Mean | L3: =AVERAGE(H3:H1513) -> 0.00089719644 | M3: =AVERAGE(I3:I1513) -> 0.00089719644
A4: 40361 | B4: 69.379997 | C4: 69.410004 | D4: 67.160004 | E4: 67.550003 | F4: 6293500 | G4: 67.550003 | H4: =(E4-E3)/E3 -> -0.014587891 | I4: =(G4-G3)/G3 -> -0.014587891 | K4: Median | L4: =MEDIAN(H3:H1513) -> -0.00034749217 | M4: =MEDIAN(I3:I1513) -> -0.00034749217
A5: 40365 | B5: 69.199997 | C5: 70.059998 | D5: 66.849998 | E5: 67.449997 | F5: 9658200 | G5: 67.449997 | H5: =(E5-E4)/E4 -> -0.0014804737 | I5: =(G5-G4)/G4 -> -0.0014804737 | K5: Min | L5: =MIN(H3:H1513) -> -0.14998986 | M5: =MIN(I3:I1513) -> -0.14998986
A6: 40366 | B6: 67.519997 | C6: 72.440002 | D6: 67.25 | E6: 72.370003 | F6: 12808300 | G6: 72.370003 | H6: =(E6-E5)/E5 -> 0.072943013 | I6: =(G6-G5)/G5 -> 0.072943013 | K6: Max | L6: =MAX(H3:H1513) -> 0.11008199 | M6: =MAX(I3:I1513) -> 0.11008199
A7: 40367 | B7: 73.300003 | C7: 73.75 | D7: 71.099998 | E7: 72.43 | F7: 11403400 | G7: 72.43 | H7: =(E7-E6)/E6 -> 0.00082903133 | I7: =(G7-G6)/G6 -> 0.00082903133 | K7: Var | L7: =_xlfn.VAR.S(H3:H1513) -> 0.00062202616 | M7: =_xlfn.VAR.S(I3:I1513) -> 0.00062202616
A8: 40368 | B8: 70.199997 | C8: 71.839996 | D8: 70.080002 | E8: 71.199997 | F8: 14945000 | G8: 71.199997 | H8: =(E8-E7)/E7 -> -0.016981955 | I8: =(G8-G7)/G7 -> -0.016981955 | K8: SD | L8: =_xlfn.STDEV.S(H3:H1513) -> 0.024940452 | M8: =_xlfn.STDEV.S(I3:I1513) -> 0.024940452
A9: 40371 | B9: 70.68 | C9: 71.779999 | D9: 70.349998 | E9: 70.730003 | F9: 8280100 | G9: 70.730003 | H9: =(E9-E8)/E8 -> -0.0066010396 | I9: =(G9-G8)/G8 -> -0.0066010396 | K9: Sharpe Ratio | L9: =L3/L8 -> 0.035973543 | M9: =M3/M8 -> 0.035973543
A10: 40372 | B10: 72.160004 | C10: 74.800003 | D10: 71.389999 | E10: 74.379997 | F10: 13455900 | G10: 74.379997 | H10: =(E10-E9)/E9 -> 0.051604607 | I10: =(G10-G9)/G9 -> 0.051604607 | K10: Count | M10: =COUNT(I3:I1513) -> 1511
A11: 40373 | B11: 75.139999 | C11: 75.480003 | D11: 73.989998 | E11: 75.029999 | F11: 9501900 | G11: 75.029999 | H11: =(E11-E10)/E10 -> 0.0087389356 | I11: =(G11-G10)/G10 -> 0.0087389356 | K11: Conf Interv | M11: =_xlfn.CONFIDENCE.NORM(0.05,M8,M10) -> 0.0012575353
A12: 40374 | B12: 75.010002 | C12: 75.860001 | D12: 74.110001 | E12: 75.639999 | F12: 8528600 | G12: 75.639999 | H12: =(E12-E11)/E11 -> 0.0081300814 | I12: =(G12-G11)/G11 -> 0.0081300814
A13: 40375 | B13: 75.230003 | C13: 75.699997 | D13: 73.290001 | E13: 73.529999 | F13: 10384900 | G13: 73.529999 | H13: =(E13-E12)/E12 -> -0.027895294 | I13: =(G13-G12)/G12 -> -0.027895294
A14: 40378 | B14: 71.669998 | C14: 73.389999 | D14: 70.379997 | E14: 72.900002 | F14: 15400600 | G14: 72.900002 | H14: =(E14-E13)/E13 -> -0.0085678908 | I14: =(G14-G13)/G13 -> -0.0085678908
A15: 40379 | B15: 71.260002 | C15: 74.230003 | D15: 70.75 | E15: 74.040001 | F15: 9721000 | G15: 74.040001 | H15: =(E15-E14)/E14 -> 0.015637846 | I15: =(G15-G14)/G14 -> 0.015637846 | K15: SUMMARY OUTPUT
A16: 40380 | B16: 74.980003 | C16: 76.580002 | D16: 73 | E16: 73.309998 | F16: 18796800 | G16: 73.309998 | H16: =(E16-E15)/E15 -> -0.0098595758 | I16: =(G16-G15)/G15 -> -0.0098595758
A17: 40381 | B17: 76.379997 | C17: 76.459999 | D17: 72.300003 | E17: 74.449997 | F17: 19747500 | G17: 74.449997 | H17: =(E17-E16)/E16 -> 0.015550389 | I17: =(G17-G16)/G16 -> 0.015550389 | K17: Regression Statistics
A18: 40382 | B18: 75.400002 | C18: 78.220001 | D18: 74.5 | E18: 78.059998 | F18: 13308300 | G18: 78.059998 | H18: =(E18-E17)/E17 -> 0.048488934 | I18: =(G18-G17)/G17 -> 0.048488934 | K18: Multiple R | L18: 0.47933272
A19: 40385 | B19: 78.870003 | C19: 80.870003 | D19: 78.300003 | E19: 80.370003 | F19: 13939300 | G19: 80.370003 | H19: =(E19-E18)/E18 -> 0.029592686 | I19: =(G19-G18)/G18 -> 0.029592686 | K19: R Square | L19: 0.22975985
A20: 40386 | B20: 80.730003 | C20: 81.989998 | D20: 80.110001 | E20: 81.07 | F20: 10737400 | G20: 81.07 | H20: =(E20-E19)/E19 -> 0.0087096799 | I20: =(G20-G19)/G19 -> 0.0087096799 | K20: Adjusted R Square | L20: 0.22924942
A21: 40387 | B21: 80.779999 | C21: 81.18 | D21: 78.879997 | E21: 79.400002 | F21: 7746700 | G21: 79.400002 | H21: =(E21-E20)/E20 -> -0.020599457 | I21: =(G21-G20)/G20 -> -0.020599457 | K21: Standard Error | L21: 0.021895822
A22: 40388 | B22: 80.089996 | C22: 80.459999 | D22: 77.639999 | E22: 79.199997 | F22: 9387900 | G22: 79.199997 | H22: =(E22-E21)/E21 -> -0.0025189546 | I22: =(G22-G21)/G21 -> -0.0025189546 | K22: Observations | L22: 1511
A23: 40389 | B23: 79.400002 | C23: 81.550003 | D23: 78.300003 | E23: 81.410004 | F23: 12327800 | G23: 81.410004 | H23: =(E23-E22)/E22 -> 0.02790413 | I23: =(G23-G22)/G22 -> 0.02790413
A24: 40392 | B24: 83.029999 | C24: 84.980003 | D24: 82.900002 | E24: 84.599998 | F24: 13600000 | G24: 84.599998 | H24: =(E24-E23)/E23 -> 0.0391843 | I24: =(G24-G23)/G23 -> 0.0391843 | K24: ANOVA
A25: 40393 | B25: 84.620003 | C25: 85.349998 | D25: 82.800003 | E25: 84.790001 | F25: 10146900 | G25: 84.790001 | H25: =(E25-E24)/E24 -> 0.0022458984 | I25: =(G25-G24)/G24 -> 0.0022458984 | L25: df | M25: SS | N25: MS | O25: F | P25: Significance F
A26: 40394 | B26: 85.410004 | C26: 86.910004 | D26: 85.07 | E26: 86.599998 | F26: 11704500 | G26: 86.599998 | H26: =(E26-E25)/E25 -> 0.021346821 | I26: =(G26-G25)/G25 -> 0.021346821 | K26: Regression | L26: 1 | M26: 0.21580412 | N26: 0.21580412 | O26: 450.12925 | P26: 1.2312866e-87
A27: 40395 | B27: 86.260002 | C27: 86.459999 | D27: 84.849998 | E27: 85.57 | F27: 8026600 | G27: 85.57 | H27: =(E27-E26)/E26 -> -0.011893742 | I27: =(G27-G26)/G26 -> -0.011893742 | K27: Residual | L27: 1509 | M27: 0.72345537 | N27: 0.00047942702
A28: 40396 | B28: 84.639999 | C28: 86.599998 | D28: 84.330002 | E28: 86.529999 | F28: 8692300 | G28: 86.529999 | H28: =(E28-E27)/E27 -> 0.011218873 | I28: =(G28-G27)/G27 -> 0.011218873 | K28: Total | L28: 1510 | M28: 0.9392595
A29: 40399 | B29: 87.449997 | C29: 88 | D29: 86.699997 | E29: 87.559998 | F29: 8792800 | G29: 87.559998 | H29: =(E29-E28)/E28 -> 0.011903375 | I29: =(G29-G28)/G28 -> 0.011903375
A30: 40400 | B30: 86.510002 | C30: 88.32 | D30: 85.620003 | E30: 87.870003 | F30: 9241200 | G30: 87.870003 | H30: =(E30-E29)/E29 -> 0.0035404866 | I30: =(G30-G29)/G29 -> 0.0035404866 | L30: Coefficients | M30: Standard Error | N30: t Stat | O30: P-value | P30: Lower 95% | Q30: Upper 95% | R30: Lower 95.0% | S30: Upper 95.0%
A31: 40401 | B31: 85.75 | C31: 86.349998 | D31: 83.440002 | E31: 84.230003 | F31: 11797200 | G31: 84.230003 | H31: =(E31-E30)/E30 -> -0.041424831 | I31: =(G31-G30)/G30 -> -0.041424831 | K31: Intercept | L31: 0.00031565585 | M31: 0.00056395259 | N31: 0.55972053 | O31: 0.57575314 | P31: -0.0007905582 | Q31: 0.0014218699 | R31: -0.0007905582 | S31: 0.0014218699
A32: 40402 | B32: 81.849998 | C32: 84.110001 | D32: 80.099998 | E32: 82.650002 | F32: 12296600 | G32: 82.650002 | H32: =(E32-E31)/E31 -> -0.018758173 | I32: =(G32-G31)/G31 -> -0.018758173 | K32: X Variable 1 | L32: 1.3122063 | M32: 0.061849116 | N32: 21.21625 | O32: 1.2312866e-87 | P32: 1.1908869 | Q32: 1.4335256 | R32: 1.1908869 | S32: 1.4335256
A33: 40403 | B33: 82.760002 | C33: 83.5 | D33: 82.040001 | E33: 82.830002 | F33: 6509900 | G33: 82.830002 | H33: =(E33-E32)/E32 -> 0.0021778584 | I33: =(G33-G32)/G32 -> 0.0021778584
A34: 40406 | B34: 82.309998 | C34: 85.269997 | D34: 82.110001 | E34: 84.349998 | F34: 7411800 | G34: 84.349998 | H34: =(E34-E33)/E33 -> 0.01835079 | I34: =(G34-G33)/G33 -> 0.01835079
A35: 40407 | B35: 85.769997 | C35: 86.050003 | D35: 84.300003 | E35: 84.43 | F35: 7173200 | G35: 84.43 | H35: =(E35-E34)/E34 -> 0.0009484529 | I35: =(G35-G34)/G34 -> 0.0009484529
A36: 40408 | B36: 84.660004 | C36: 84.800003 | D36: 82.800003 | E36: 82.919998 | F36: 7654500 | G36: 82.919998 | H36: =(E36-E35)/E35 -> -0.017884662 | I36: =(G36-G35)/G35 -> -0.017884662
A37: 40409 | B37: 82.550003 | C37: 83.300003 | D37: 81.010002 | E37: 81.190002 | F37: 8077800 | G37: 81.190002 | H37: =(E37-E36)/E36 -> -0.020863435 | I37: =(G37-G36)/G36 -> -0.020863435
A38: 40410 | B38: 80.610001 | C38: 82.690002 | D38: 80.400002 | E38: 82.169998 | F38: 7904900 | G38: 82.169998 | H38: =(E38-E37)/E37 -> 0.012070402 | I38: =(G38-G37)/G37 -> 0.012070402
A39: 40413 | B39: 81.220001 | C39: 81.389999 | D39: 79.239998 | E39: 79.370003 | F39: 10254100 | G39: 79.370003 | H39: =(E39-E38)/E38 -> -0.034075637 | I39: =(G39-G38)/G38 -> -0.034075637
A40: 40414 | B40: 77.739998 | C40: 78.879997 | D40: 76.82 | E40: 77.339996 | F40: 9577400 | G40: 77.339996 | H40: =(E40-E39)/E39 -> -0.025576501 | I40: =(G40-G39)/G39 -> -0.025576501
A41: 40415 | B41: 76.410004 | C41: 78.550003 | D41: 76 | E41: 78.300003 | F41: 7715300 | G41: 78.300003 | H41: =(E41-E40)/E40 -> 0.012412814 | I41: =(G41-G40)/G40 -> 0.012412814
A42: 40416 | B42: 79.400002 | C42: 79.43 | D42: 76.589996 | E42: 76.599998 | F42: 6350800 | G42: 76.599998 | H42: =(E42-E41)/E41 -> -0.02171143 | I42: =(G42-G41)/G41 -> -0.02171143
A43: 40417 | B43: 76.870003 | C43: 79.68 | D43: 76.080002 | E43: 79.370003 | F43: 7554500 | G43: 79.370003 | H43: =(E43-E42)/E42 -> 0.036161946 | I43: =(G43-G42)/G42 -> 0.036161946
A44: 40420 | B44: 79.790001 | C44: 80.599998 | D44: 77.190002 | E44: 77.239998 | F44: 6741300 | G44: 77.239998 | H44: =(E44-E43)/E43 -> -0.026836398 | I44: =(G44-G43)/G43 -> -0.026836398
... A1513: 42551 | B1513: 165.07001 | C1513: 165.26 | D1513: 162.10001 | E1513: 165.14999 | F1513: 1809300 | G1513: 165.14999 | H1513: =(E1513-E1512)/E1512 -> 0.0045008818 | I1513: =(G1513-G1512)/G1512 -> 0.0045008818

Sheet dji
A1: Date | B1: Open | C1: High | D1: Low | E1: Close | F1: Volume | G1: Adj Close | H1: Close Return | I1: Adj Close Return
A2: 40359 | B2: 9868.3398 | C2: 9908.9199 | D2: 9753.8398 | E2: 9774.0195 | F2: 235090000 | G2: 9774.0195 | L2: Close Return | M2: Adj Close Return
A3: 40360 | B3: 9773.2695 | C3: 9795.4805 | D3: 9621.8896 | E3: 9732.5303 | F3: 262820000 | G3: 9732.5303 | H3: =(E3-E2)/E2 -> -0.0042448511 | I3: =(G3-G2)/G2 -> -0.0042448511 | K3: Mean | L3: =AVERAGE(H3:H1513) -> 0.00044317772 | M3: =AVERAGE(I3:I1513) -> 0.00044317772
A4: 40361 | B4: 9732.5303 | C4: 9770.8701 | D4: 9614.3203 | E4: 9686.4805 | F4: 199570000 | G4: 9686.4805 | H4: =(E4-E3)/E3 -> -0.0047315346 | I4: =(G4-G3)/G3 -> -0.0047315346 | K4: Median | L4: =MEDIAN(H3:H1513) -> 0.00053543884 | M4: =MEDIAN(I3:I1513) -> 0.00053543884
A5: 40365 | B5: 9686.4805 | C5: 9858.1299 | D5: 9659.0098 | E5: 9743.6201 | F5: 261020000 | G5: 9743.6201 | H5: =(E5-E4)/E4 -> 0.0058989071 | I5: =(G5-G4)/G4 -> 0.0058989071 | K5: Min | L5: =MIN(H3:H1513) -> -0.055463727 | M5: =MIN(I3:I1513) -> -0.055463727
A6: 40366 | B6: 9743.6201 | C6: 10026.6 | D6: 9736.7002 | E6: 10018.28 | F6: 219560000 | G6: 10018.28 | H6: =(E6-E5)/E5 -> 0.028188717 | I6: =(G6-G5)/G5 -> 0.028188717 | K6: Max | L6: =MAX(H3:H1513) -> 0.042407884 | M6: =MAX(I3:I1513) -> 0.042407884
A7: 40367 | B7: 10019.26 | C7: 10139.86 | D7: 10019.26 | E7: 10138.99 | F7: 192210000 | G7: 10138.99 | H7: =(E7-E6)/E6 -> 0.01204897 | I7: =(G7-G6)/G6 -> 0.01204897 | K7: Var | L7: =_xlfn.VAR.S(H3:H1513) -> 8.300009e-05 | M7: =_xlfn.VAR.S(I3:I1513) -> 8.300009e-05
A8: 40368 | B8: 10138.99 | C8: 10201.77 | D8: 10118.41 | E8: 10198.03 | F8: 134810000 | G8: 10198.03 | H8: =(E8-E7)/E7 -> 0.005823069 | I8: =(G8-G7)/G7 -> 0.005823069 | K8: SD | L8: =_xlfn.STDEV.S(H3:H1513) -> 0.0091104385 | M8: =_xlfn.STDEV.S(I3:I1513) -> 0.0091104385
A9: 40371 | B9: 10199.24 | C9: 10220.28 | D9: 10146.49 | E9: 10216.27 | F9: 131490000 | G9: 10216.27 | H9: =(E9-E8)/E8 -> 0.0017885081 | I9: =(G9-G8)/G8 -> 0.0017885081 | K9: Sharpe Ratio | L9: =L3/L8 -> 0.048645048 | M9: =M3/M8 -> 0.048645048
A10: 40372 | B10: 10217.55 | C10: 10407.82 | D10: 10217.55 | E10: 10363.02 | F10: 179040000 | G10: 10363.02 | H10: =(E10-E9)/E9 -> 0.014364343 | I10: =(G10-G9)/G9 -> 0.014364343 | K10: Count | M10: =COUNT(I3:I1513) -> 1511
A11: 40373 | B11: 10370.96 | C11: 10400.1 | D11: 10303 | E11: 10366.72 | F11: 208530000 | G11: 10366.72 | H11: =(E11-E10)/E10 -> 0.00035705809 | I11: =(G11-G10)/G10 -> 0.00035705809 | K11: Conf Interv | M11: =_xlfn.CONFIDENCE.NORM(0.05,M8,M10) -> 0.00045936208
A12: 40374 | B12: 10367.1 | C12: 10379.74 | D12: 10240.48 | E12: 10359.31 | F12: 210000000 | G12: 10359.31 | H12: =(E12-E11)/E11 -> -0.00071480277 | I12: =(G12-G11)/G11 -> -0.00071480277
A13: 40375 | B13: 10356.2 | C13: 10356.2 | D13: 10079.58 | E13: 10097.9 | F13: 335060000 | G13: 10097.9 | H13: =(E13-E12)/E12 -> -0.025234228 | I13: =(G13-G12)/G12 -> -0.025234228
A14: 40378 | B14: 10098.12 | C14: 10187.28 | D14: 10073.68 | E14: 10154.43 | F14: 176970000 | G14: 10154.43 | H14: =(E14-E13)/E13 -> 0.0055981241 | I14: =(G14-G13)/G13 -> 0.0055981241
A15: 40379 | B15: 10151.48 | C15: 10236.4 | D15: 10007.76 | E15: 10229.96 | F15: 194410000 | G15: 10229.96 | H15: =(E15-E14)/E14 -> 0.0074381597 | I15: =(G15-G14)/G14 -> 0.0074381597
A16: 40380 | B16: 10226.02 | C16: 10265.54 | D16: 10065.5 | E16: 10120.53 | F16: 203900000 | G16: 10120.53 | H16: =(E16-E15)/E15 -> -0.010696981 | I16: =(G16-G15)/G15 -> -0.010696981
A17: 40381 | B17: 10121.81 | C17: 10363.24 | D17: 10121.81 | E17: 10322.3 | F17: 202220000 | G17: 10322.3 | H17: =(E17-E16)/E16 -> 0.019936657 | I17: =(G17-G16)/G16 -> 0.019936657
A18: 40382 | B18: 10321.16 | C18: 10441.95 | D18: 10287.48 | E18: 10424.62 | F18: 200000000 | G18: 10424.62 | H18: =(E18-E17)/E17 -> 0.0099125497 | I18: =(G18-G17)/G17 -> 0.0099125497
A19: 40385 | B19: 10424.17 | C19: 10526.79 | D19: 10414.4 | E19: 10525.43 | F19: 178820000 | G19: 10525.43 | H19: =(E19-E18)/E18 -> 0.0096703351 | I19: =(G19-G18)/G18 -> 0.0096703351
A20: 40386 | B20: 10525.28 | C20: 10578.33 | D20: 10494.86 | E20: 10537.69 | F20: 180550000 | G20: 10537.69 | H20: =(E20-E19)/E19 -> 0.0011648684 | I20: =(G20-G19)/G19 -> 0.0011648684
A21: 40387 | B21: 10537.01 | C21: 10548.52 | D21: 10463.22 | E21: 10497.88 | F21: 162070000 | G21: 10497.88 | H21: =(E21-E20)/E20 -> -0.0037779199 | I21: =(G21-G20)/G20 -> -0.0037779199
A22: 40388 | B22: 10498.94 | C22: 10584.99 | D22: 10387.39 | E22: 10467.16 | F22: 202110000 | G22: 10467.16 | H22: =(E22-E21)/E21 -> -0.0029262785 | I22: =(G22-G21)/G21 -> -0.0029262785
A23: 40389 | B23: 10465.19 | C23: 10507.19 | D23: 10347.5 | E23: 10465.94 | F23: 208160000 | G23: 10465.94 | H23: =(E23-E22)/E22 -> -0.00011652922 | I23: =(G23-G22)/G22 -> -0.00011652922
... A1513: 42551 | B1513: 17712.76 | C1513: 17930.609 | D1513: 17711.801 | E1513: 17929.99 | F1513: 133030000 | G1513: 17929.99 | H1513: =(E1513-E1512)/E1512 -> 0.013298378 | I1513: =(G1513-G1512)/G1512 -> 0.013298378

Sheet appl_2
A1: Date | B1: Open | C1: High | D1: Low | E1: Close | F1: Volume | G1: Adj Close | H1: Month Date | I1: Close Return | J1: Adj Close Return
A2: 42219 | B2: 121.5 | C2: 122.57 | D2: 92 | E2: 112.76 | F2: 79152700 | G2: 110.99761
A3: 42248 | B3: 110.15 | C3: 116.89 | D3: 107.36 | E3: 110.3 | F3: 60620000 | G3: 108.57606 | H3: 2015/08 | I3: =(E3-E2)/E2 -> -0.021816238 | J3: =(G3-G2)/G2 -> -0.02181628 | L3: Column1 | O3: Column1
A4: 42278 | B4: 109.07 | C4: 121.22 | D4: 107.31 | E4: 119.5 | F4: 52797300 | G4: 117.63226 | H4: 2015/09 | I4: =(E4-E3)/E3 -> 0.083408855 | J4: =(G4-G3)/G3 -> 0.083408868
A5: 42310 | B5: 120.8 | C5: 123.82 | D5: 111 | E5: 118.3 | F5: 39491000 | G5: 116.9495 | H5: 2015/10 | I5: =(E5-E4)/E4 -> -0.010041816 | J5: =(G5-G4)/G4 -> -0.005804207 | L5: Mean | M5: -0.0019134224 | O5: Mean | P5: -0.00057062742
A6: 42339 | B6: 118.75 | C6: 119.86 | D6: 104.82 | E6: 105.26 | F6: 43750400 | G6: 104.05836 | H6: 2015/11 | I6: =(E6-E5)/E5 -> -0.11022824 | J6: =(G6-G5)/G5 -> -0.11022823 | L6: Standard Error | M6: 0.023933607 | O6: Standard Error | P6: 0.024062864
A7: 42373 | B7: 102.61 | C7: 105.85 | D7: 92.389999 | E7: 97.339996 | F7: 70329700 | G7: 96.228775 | H7: 2015/12 | I7: =(E7-E6)/E6 -> -0.075242313 | J7: =(G7-G6)/G6 -> -0.075242293 | L7: Median | M7: -0.0083596897 | O7: Median | P7: -0.003545887
A8: 42401 | B8: 96.470001 | C8: 98.889999 | D8: 92.589996 | E8: 96.690002 | F8: 42303900 | G8: 96.104874 | H8: 2016/01 | I8: =(E8-E7)/E7 -> -0.0066775635 | J8: =(G8-G7)/G7 -> -0.0012875671 | L8: Mode | M8: #N/A | O8: Mode | P8: #N/A
A9: 42430 | B9: 97.650002 | C9: 110.42 | D9: 97.419998 | E9: 108.99 | F9: 35088000 | G9: 108.33044 | H9: 2016/02 | I9: =(E9-E8)/E8 -> 0.12721063 | J9: =(G9-G8)/G8 -> 0.12721064 | L9: Standard Deviation | M9: 0.082908446 | O9: Standard Deviation | P9: 0.083356206
A10: 42461 | B10: 108.78 | C10: 112.39 | D10: 92.510002 | E10: 93.739998 | F10: 44805400 | G10: 93.172722 | H10: 2016/03 | I10: =(E10-E9)/E9 -> -0.1399211 | J10: =(G10-G9)/G9 -> -0.13992111 | L10: Sample Variance | M10: 0.0068738105 | O10: Sample Variance | P10: 0.0069482571
A11: 42492 | B11: 93.970001 | C11: 100.73 | D11: 89.470001 | E11: 99.860001 | F11: 44903700 | G11: 99.860001 | H11: 2016/04 | I11: =(E11-E10)/E10 -> 0.065286997 | J11: =(G11-G10)/G10 -> 0.071772927 | L11: Kurtosis | M11: -0.84735198 | O11: Kurtosis | P11: -0.87573246
A12: 42522 | B12: 99.019997 | C12: 101.89 | D12: 91.5 | E12: 95.599998 | F12: 37060600 | G12: 95.599998 | H12: 2016/05 | I12: =(E12-E11)/E11 -> -0.042659753 | J12: =(G12-G11)/G11 -> -0.042659753 | L12: Skewness | M12: -0.096988677 | O12: Skewness | P12: -0.1351224
A13: 42552 | B13: 95.489998 | C13: 104.55 | D13: 94.370003 | E13: 104.21 | F13: 34748300 | G13: 104.21 | H13: 2016/06 | I13: =(E13-E12)/E12 -> 0.090062774 | J13: =(G13-G12)/G12 -> 0.090062774 | L13: Range | M13: 0.26713173 | O13: Range | P13: 0.26713175
A14: 42583 | B14: 104.41 | C14: 106.15 | D14: 104.41 | E14: 106.05 | F14: 74998000 | G14: 106.05 | H14: 2016/07 | I14: =(E14-E13)/E13 -> 0.017656693 | J14: =(G14-G13)/G13 -> 0.017656693 | L14: Minimum | M14: -0.1399211 | O14: Minimum | P14: -0.13992111
L15: Maximum | M15: 0.12721063 | O15: Maximum | P15: 0.12721064
L16: Sum | M16: -0.022961069 | O16: Sum | P16: -0.006847529
L17: Count | M17: 12 | O17: Count | P17: 12
L18: Confidence Level(95.0%) | M18: 0.052677514 | O18: Confidence Level(95.0%) | P18: 0.052962007
L20: Sharp Ratio | M20: =M5/M9 -> -0.023078739 | O20: Sharp Ratio | P20: =P5/P9 -> -0.0068456501

Sheet msft+wfc_
A1: Date | B1: Open | C1: High | D1: Low | E1: Close | F1: Volume | G1: Adj Close | H1: Close Return | I1: Adj Close Return | J1: Date | K1: Open | L1: High | M1: Low | N1: Close | O1: Volume | P1: Adj Close | Q1: Close Return | R1: Adj Close Return | S1: Portfolio Return | T1: 0% msft starting, which is on the left.
A2: 40359 | B2: 23.299999 | C2: 23.68 | D2: 22.950001 | E2: 23.01 | F2: 81050500 | G2: 19.541996 | J2: 40359 | K2: 26.049999 | L2: 26.450001 | M2: 25.52 | N2: 25.6 | O2: 37501000 | P2: 22.132058 | S2: 0 | T2: 0.05 | U2: 0.1 | V2: 0.15 | W2: 0.2 | X2: 0.25 | Y2: 0.3 | Z2: 0.35 | AA2: 0.4 | AB2: 0.45 | AC2: 0.5 | AD2: 0.55 | AE2: 0.6 | AF2: 0.65 | AG2: 0.7 | AH2: 0.75 | AI2: 0.8 | AJ2: 0.85 | AK2: 0.9 | AL2: 0.95 | AM2: 1
A3: 40360 | B3: 23.09 | C3: 23.32 | D3: 22.73 | E3: 23.16 | F3: 92239400 | G3: 19.669388 | H3: =(E3-E2)/E2 -> 0.0065189048 | I3: =(G3-G2)/G2 -> 0.0065188837 | J3: 40360 | K3: 25.540001 | L3: 25.940001 | M3: 24.6 | N3: 25.18 | O3: 58947800 | P3: 21.768953 | Q3: =(N3-N2)/N2 -> -0.01640625 | R3: =(P3-P2)/P2 -> -0.016406292 | S3: =(S$2*$I3)+($R3*(1-S$2)) -> -0.016406292 | T3: =(T$2*$I3)+($R3*(1-T$2)) -> -0.015260033 | U3: =(U$2*$I3)+($R3*(1-U$2)) -> -0.014113774 | V3: =(V$2*$I3)+($R3*(1-V$2)) -> -0.012967515 | W3: =(W$2*$I3)+($R3*(1-W$2)) -> -0.011821257 | X3: =(X$2*$I3)+($R3*(1-X$2)) -> -0.010674998 | Y3: =(Y$2*$I3)+($R3*(1-Y$2)) -> -0.0095287391 | Z3: =(Z$2*$I3)+($R3*(1-Z$2)) -> -0.0083824803 | ... AM3: =(AM$2*$I3)+($R3*(1-AM$2)) -> 0.0065188837 | AN3: =(I3*'msft+wfc'!$K$2)+(R3*(1-'msft+wfc'!$K$2)) -> -0.00079118557
A4: 40361 | B4: 23.360001 | C4: 23.48 | D4: 23.049999 | E4: 23.27 | F4: 62485100 | G4: 19.76281 | H4: =(E4-E3)/E3 -> 0.0047495682 | I4: =(G4-G3)/G3 -> 0.004749614 | J4: 40361 | K4: 25.4 | L4: 25.68 | M4: 24.76 | N4: 24.879999 | O4: 32231100 | P4: 21.509592 | Q4: =(N4-N3)/N3 -> -0.011914257 | R4: =(P4-P3)/P3 -> -0.011914262 | S4: =(S$2*$I4)+($R4*(1-S$2)) -> -0.011914262 | T4: =(T$2*$I4)+($R4*(1-T$2)) -> -0.011081068 | U4: =(U$2*$I4)+($R4*(1-U$2)) -> -0.010247874 | V4: =(V$2*$I4)+($R4*(1-V$2)) -> -0.0094146802 | W4: =(W$2*$I4)+($R4*(1-W$2)) -> -0.0085814865 | X4: =(X$2*$I4)+($R4*(1-X$2)) -> -0.0077482927 | Y4: =(Y$2*$I4)+($R4*(1-Y$2)) -> -0.0069150989 | Z4: =(Z$2*$I4)+($R4*(1-Z$2)) -> -0.0060819051 | ... AM4: =(AM$2*$I4)+($R4*(1-AM$2)) -> 0.004749614 | AN4: =(I4*'msft+wfc'!$K$2)+(R4*(1-'msft+wfc'!$K$2)) -> -0.00056393686
A5: 40365 | B5: 23.700001 | C5: 24.09 | D5: 23.58 | E5: 23.82 | F5: 73592000 | G5: 20.229915 | H5: =(E5-E4)/E4 -> 0.023635582 | I5: =(G5-G4)/G4 -> 0.023635556 | J5: 40365 | K5: 25.459999 | L5: 25.639999 | M5: 24.790001 | N5: 25.15 | O5: 37248300 | P5: 21.743017 | Q5: =(N5-N4)/N4 -> 0.010852131 | R5: =(P5-P4)/P4 -> 0.010852135 | S5: =(S$2*$I5)+($R5*(1-S$2)) -> 0.010852135 | T5: =(T$2*$I5)+($R5*(1-T$2)) -> 0.011491306 | U5: =(U$2*$I5)+($R5*(1-U$2)) -> 0.012130477 | V5: =(V$2*$I5)+($R5*(1-V$2)) -> 0.012769648 | W5: =(W$2*$I5)+($R5*(1-W$2)) -> 0.013408819 | X5: =(X$2*$I5)+($R5*(1-X$2)) -> 0.01404799 | Y5: =(Y$2*$I5)+($R5*(1-Y$2)) -> 0.014687161 | Z5: =(Z$2*$I5)+($R5*(1-Z$2)) -> 0.015326332 | ... AM5: =(AM$2*$I5)+($R5*(1-AM$2)) -> 0.023635556 | AN5: =(I5*'msft+wfc'!$K$2)+(R5*(1-'msft+wfc'!$K$2)) -> 0.019559352
A6: 40366 | B6: 23.82 | C6: 24.32 | D6: 23.610001 | E6: 24.299999 | F6: 79965300 | G6: 20.63757 | H6: =(E6-E5)/E5 -> 0.020151092 | I6: =(G6-G5)/G5 -> 0.020151098 | J6: 40366 | K6: 25.280001 | L6: 26.73 | M6: 25.139999 | N6: 26.66 | O6: 48830500 | P6: 23.048463 | Q6: =(N6-N5)/N5 -> 0.060039761 | R6: =(P6-P5)/P5 -> 0.060039782 | S6: =(S$2*$I6)+($R6*(1-S$2)) -> 0.060039782 | T6: =(T$2*$I6)+($R6*(1-T$2)) -> 0.058045348 | U6: =(U$2*$I6)+($R6*(1-U$2)) -> 0.056050914 | V6: =(V$2*$I6)+($R6*(1-V$2)) -> 0.054056479 | W6: =(W$2*$I6)+($R6*(1-W$2)) -> 0.052062045 | X6: =(X$2*$I6)+($R6*(1-X$2)) -> 0.050067611 | Y6: =(Y$2*$I6)+($R6*(1-Y$2)) -> 0.048073177 | Z6: =(Z$2*$I6)+($R6*(1-Z$2)) -> 0.046078743 | ... AM6: =(AM$2*$I6)+($R6*(1-AM$2)) -> 0.020151098 | AN6: =(I6*'msft+wfc'!$K$2)+(R6*(1-'msft+wfc'!$K$2)) -> 0.032870261
A7: 40367 | B7: 24.6 | C7: 24.620001 | D7: 23.969999 | E7: 24.41 | F7: 50758100 | G7: 20.730992 | H7: =(E7-E6)/E6 -> 0.0045267903 | I7: =(G7-G6)/G6 -> 0.0045267926 | J7: 40367 | K7: 27.059999 | L7: 27.059999 | M7: 26.1 | N7: 26.639999 | O7: 38228800 | P7: 23.031171 | Q7: =(N7-N6)/N6 -> -0.00075022506 | R7: =(P7-P6)/P6 -> -0.00075024525 | S7: =(S$2*$I7)+($R7*(1-S$2)) -> -0.00075024525 | T7: =(T$2*$I7)+($R7*(1-T$2)) -> -0.00048639336 | U7: =(U$2*$I7)+($R7*(1-U$2)) -> -0.00022254147 | V7: =(V$2*$I7)+($R7*(1-V$2)) -> 4.1310429e-05 | W7: =(W$2*$I7)+($R7*(1-W$2)) -> 0.00030516232 | X7: =(X$2*$I7)+($R7*(1-X$2)) -> 0.00056901422 | Y7: =(Y$2*$I7)+($R7*(1-Y$2)) -> 0.00083286611 | Z7: =(Z$2*$I7)+($R7*(1-Z$2)) -> 0.001096718 | ... AM7: =(AM$2*$I7)+($R7*(1-AM$2)) -> 0.0045267926 | AN7: =(I7*'msft+wfc'!$K$2)+(R7*(1-'msft+wfc'!$K$2)) -> 0.0028441223
A8: 40368 | B8: 24.33 | C8: 24.41 | D8: 24.15 | E8: 24.27 | F8: 53806100 | G8: 20.612093 | H8: =(E8-E7)/E7 -> -0.0057353544 | I8: =(G8-G7)/G7 -> -0.0057353261 | J8: 40368 | K8: 26.5 | L8: 27.040001 | M8: 26.4 | N8: 27 | O8: 24905000 | P8: 23.342404 | Q8: =(N8-N7)/N7 -> 0.013513552 | R8: =(P8-P7)/P7 -> 0.013513555 | S8: =(S$2*$I8)+($R8*(1-S$2)) -> 0.013513555 | T8: =(T$2*$I8)+($R8*(1-T$2)) -> 0.012551111 | U8: =(U$2*$I8)+($R8*(1-U$2)) -> 0.011588667 | V8: =(V$2*$I8)+($R8*(1-V$2)) -> 0.010626223 | W8: =(W$2*$I8)+($R8*(1-W$2)) -> 0.0096637789 | X8: =(X$2*$I8)+($R8*(1-X$2)) -> 0.0087013348 | Y8: =(Y$2*$I8)+($R8*(1-Y$2)) -> 0.0077388908 | Z8: =(Z$2*$I8)+($R8*(1-Z$2)) -> 0.0067764467 | ... AM8: =(AM$2*$I8)+($R8*(1-AM$2)) -> -0.0057353261 | AN8: =(I8*'msft+wfc'!$K$2)+(R8*(1-'msft+wfc'!$K$2)) -> 0.00040249632
A9: 40371 | B9: 24.43 | C9: 24.889999 | D9: 24.42 | E9: 24.83 | F9: 49854200 | G9: 21.08769 | H9: =(E9-E8)/E8 -> 0.023073754 | I9: =(G9-G8)/G8 -> 0.023073688 | J9: 40371 | K9: 26.93 | L9: 27.129999 | M9: 26.559999 | N9: 27.059999 | O9: 18761700 | P9: 23.394276 | Q9: =(N9-N8)/N8 -> 0.0022221852 | R9: =(P9-P8)/P8 -> 0.0022222218 | S9: =(S$2*$I9)+($R9*(1-S$2)) -> 0.0022222218 | T9: =(T$2*$I9)+($R9*(1-T$2)) -> 0.0032647951 | U9: =(U$2*$I9)+($R9*(1-U$2)) -> 0.0043073684 | V9: =(V$2*$I9)+($R9*(1-V$2)) -> 0.0053499417 | W9: =(W$2*$I9)+($R9*(1-W$2)) -> 0.006392515 | X9: =(X$2*$I9)+($R9*(1-X$2)) -> 0.0074350883 | Y9: =(Y$2*$I9)+($R9*(1-Y$2)) -> 0.0084776616 | Z9: =(Z$2*$I9)+($R9*(1-Z$2)) -> 0.0095202349 | ... AM9: =(AM$2*$I9)+($R9*(1-AM$2)) -> 0.023073688 | AN9: =(I9*'msft+wfc'!$K$2)+(R9*(1-'msft+wfc'!$K$2)) -> 0.016424855
A10: 40372 | B10: 25.139999 | C10: 25.299999 | D10: 24.9 | E10: 25.129999 | F10: 61928700 | G10: 21.342475 | H10: =(E10-E9)/E9 -> 0.012082118 | I10: =(G10-G9)/G9 -> 0.012082167 | J10: 40372 | K10: 27.370001 | L10: 28.08 | M10: 27.32 | N10: 27.940001 | O10: 31658500 | P10: 24.155066 | Q10: =(N10-N9)/N9 -> 0.0325204 | R10: =(P10-P9)/P9 -> 0.032520348 | S10: =(S$2*$I10)+($R10*(1-S$2)) -> 0.032520348 | T10: =(T$2*$I10)+($R10*(1-T$2)) -> 0.031498439 | U10: =(U$2*$I10)+($R10*(1-U$2)) -> 0.03047653 | V10: =(V$2*$I10)+($R10*(1-V$2)) -> 0.029454621 | W10: =(W$2*$I10)+($R10*(1-W$2)) -> 0.028432712 | X10: =(X$2*$I10)+($R10*(1-X$2)) -> 0.027410803 | Y10: =(Y$2*$I10)+($R10*(1-Y$2)) -> 0.026388894 | Z10: =(Z$2*$I10)+($R10*(1-Z$2)) -> 0.025366985 | ... AM10: =(AM$2*$I10)+($R10*(1-AM$2)) -> 0.012082167 | AN10: =(I10*'msft+wfc'!$K$2)+(R10*(1-'msft+wfc'!$K$2)) -> 0.018599218
A11: 40373 | B11: 25.5 | C11: 25.610001 | D11: 25.120001 | E11: 25.440001 | F11: 72808100 | G11: 21.605753 | H11: =(E11-E10)/E10 -> 0.012335934 | I11: =(G11-G10)/G10 -> 0.01233587 | J11: 40373 | K11: 27.700001 | L11: 27.780001 | M11: 27.25 | N11: 27.66 | O11: 31305800 | P11: 23.912996 | Q11: =(N11-N10)/N10 -> -0.01002151 | R11: =(P11-P10)/P10 -> -0.0100215 | S11: =(S$2*$I11)+($R11*(1-S$2)) -> -0.0100215 | T11: =(T$2*$I11)+($R11*(1-T$2)) -> -0.0089036317 | U11: =(U$2*$I11)+($R11*(1-U$2)) -> -0.0077857632 | V11: =(V$2*$I11)+($R11*(1-V$2)) -> -0.0066678947 | W11: =(W$2*$I11)+($R11*(1-W$2)) -> -0.0055500262 | X11: =(X$2*$I11)+($R11*(1-X$2)) -> -0.0044321577 | Y11: =(Y$2*$I11)+($R11*(1-Y$2)) -> -0.0033142891 | Z11: =(Z$2*$I11)+($R11*(1-Z$2)) -> -0.0021964206 | ... AM11: =(AM$2*$I11)+($R11*(1-AM$2)) -> 0.01233587 | AN11: =(I11*'msft+wfc'!$K$2)+(R11*(1-'msft+wfc'!$K$2)) -> 0.0052068548
A12: 40374 | B12: 25.5 | C12: 25.59 | D12: 24.98 | E12: 25.51 | F12: 56934700 | G12: 21.665203 | H12: =(E12-E11)/E11 -> 0.0027515329 | I12: =(G12-G11)/G11 -> 0.002751582 | J12: 40374 | K12: 27.85 | L12: 28.16 | M12: 27.02 | N12: 27.809999 | O12: 48127100 | P12: 24.042676 | Q12: =(N12-N11)/N11 -> 0.0054229573 | R12: =(P12-P11)/P11 -> 0.0054229926 | S12: =(S$2*$I12)+($R12*(1-S$2)) -> 0.0054229926 | T12: =(T$2*$I12)+($R12*(1-T$2)) -> 0.0052894221 | U12: =(U$2*$I12)+($R12*(1-U$2)) -> 0.0051558515 | V12: =(V$2*$I12)+($R12*(1-V$2)) -> 0.005022281 | W12: =(W$2*$I12)+($R12*(1-W$2)) -> 0.0048887105 | X12: =(X$2*$I12)+($R12*(1-X$2)) -> 0.0047551399 | Y12: =(Y$2*$I12)+($R12*(1-Y$2)) -> 0.0046215694 | Z12: =(Z$2*$I12)+($R12*(1-Z$2)) -> 0.0044879989 | ... AM12: =(AM$2*$I12)+($R12*(1-AM$2)) -> 0.002751582 | AN12: =(I12*'msft+wfc'!$K$2)+(R12*(1-'msft+wfc'!$K$2)) -> 0.0036034052
A13: 40375 | B13: 25.51 | C13: 25.639999 | D13: 24.879999 | E13: 24.889999 | F13: 65064800 | G13: 21.138647 | H13: =(E13-E12)/E12 -> -0.024304234 | I13: =(G13-G12)/G12 -> -0.024304226 | J13: 40375 | K13: 27.440001 | L13: 27.469999 | M13: 26.16 | N13: 26.24 | O13: 55456400 | P13: 22.685358 | Q13: =(N13-N12)/N12 -> -0.056454479 | R13: =(P13-P12)/P12 -> -0.056454531 | S13: =(S$2*$I13)+($R13*(1-S$2)) -> -0.056454531 | T13: =(T$2*$I13)+($R13*(1-T$2)) -> -0.054847016 | U13: =(U$2*$I13)+($R13*(1-U$2)) -> -0.053239501 | V13: =(V$2*$I13)+($R13*(1-V$2)) -> -0.051631985 | W13: =(W$2*$I13)+($R13*(1-W$2)) -> -0.05002447 | X13: =(X$2*$I13)+($R13*(1-X$2)) -> -0.048416955 | Y13: =(Y$2*$I13)+($R13*(1-Y$2)) -> -0.04680944 | Z13: =(Z$2*$I13)+($R13*(1-Z$2)) -> -0.045201924 | ... AM13: =(AM$2*$I13)+($R13*(1-AM$2)) -> -0.024304226 | AN13: =(I13*'msft+wfc'!$K$2)+(R13*(1-'msft+wfc'!$K$2)) -> -0.03455588
A14: 40378 | B14: 24.959999 | C14: 25.299999 | D14: 24.91 | E14: 25.23 | F14: 38181800 | G14: 21.427403 | H14: =(E14-E13)/E13 -> 0.013660145 | I14: =(G14-G13)/G13 -> 0.013660098 | J14: 40378 | K14: 26.27 | L14: 26.4 | M14: 25.620001 | N14: 26.02 | O14: 34667100 | P14: 22.495162 | Q14: =(N14-N13)/N13 -> -0.0083841463 | R14: =(P14-P13)/P13 -> -0.0083840863 | S14: =(S$2*$I14)+($R14*(1-S$2)) -> -0.0083840863 | T14: =(T$2*$I14)+($R14*(1-T$2)) -> -0.0072818771 | U14: =(U$2*$I14)+($R14*(1-U$2)) -> -0.0061796679 | V14: =(V$2*$I14)+($R14*(1-V$2)) -> -0.0050774586 | W14: =(W$2*$I14)+($R14*(1-W$2)) -> -0.0039752494 | X14: =(X$2*$I14)+($R14*(1-X$2)) -> -0.0028730401 | Y14: =(Y$2*$I14)+($R14*(1-Y$2)) -> -0.0017708309 | Z14: =(Z$2*$I14)+($R14*(1-Z$2)) -> -0.00066862165 | ... AM14: =(AM$2*$I14)+($R14*(1-AM$2)) -> 0.013660098 | AN14: =(I14*'msft+wfc'!$K$2)+(R14*(1-'msft+wfc'!$K$2)) -> 0.0066309475
... A1513: 42551 | B1513: 50.720001 | C1513: 51.299999 | D1513: 50.5 | E1513: 51.169998 | F1513: 28527800 | G1513: 51.169998 | H1513: =(E1513-E1512)/E1512 -> 0.012465314 | I1513: =(G1513-G1512)/G1512 -> 0.012465314 | J1513: 42551 | K1513: 47.240002 | L1513: 47.360001 | M1513: 46.529999 | N1513: 47.330002 | O1513: 22538800 | P1513: 47.330002 | Q1513: =(N1513-N1512)/N1512 -> 0.0076644878 | R1513: =(P1513-P1512)/P1512 -> 0.0076644878 | S1513: =(S$2*$I1513)+($R1513*(1-S$2)) -> 0.0076644878 | T1513: =(T$2*$I1513)+($R1513*(1-T$2)) -> 0.0079045291 | U1513: =(U$2*$I1513)+($R1513*(1-U$2)) -> 0.0081445705 | V1513: =(V$2*$I1513)+($R1513*(1-V$2)) -> 0.0083846118 | W1513: =(W$2*$I1513)+($R1513*(1-W$2)) -> 0.0086246531 | X1513: =(X$2*$I1513)+($R1513*(1-X$2)) -> 0.0088646944 | Y1513: =(Y$2*$I1513)+($R1513*(1-Y$2)) -> 0.0091047358 | Z1513: =(Z$2*$I1513)+($R1513*(1-Z$2)) -> 0.0093447771 | ... AM1513: =(AM$2*$I1513)+($R1513*(1-AM$2)) -> 0.012465314 | AN1513: =(I1513*'msft+wfc'!$K$2)+(R1513*(1-'msft+wfc'!$K$2)) -> 0.010934492
